"name","province","date","value"
"icu","AB",2020-01-25,0
"icu","AB",2020-01-26,0
"icu","AB",2020-01-27,0
"icu","AB",2020-01-28,0
"icu","AB",2020-01-29,0
"icu","AB",2020-01-30,0
"icu","AB",2020-01-31,0
"icu","AB",2020-02-01,0
"icu","AB",2020-02-02,0
"icu","AB",2020-02-03,0
"icu","AB",2020-02-04,0
"icu","AB",2020-02-05,0
"icu","AB",2020-02-06,0
"icu","AB",2020-02-07,0
"icu","AB",2020-02-08,0
"icu","AB",2020-02-09,0
"icu","AB",2020-02-10,0
"icu","AB",2020-02-11,0
"icu","AB",2020-02-12,0
"icu","AB",2020-02-13,0
"icu","AB",2020-02-14,0
"icu","AB",2020-02-15,0
"icu","AB",2020-02-16,0
"icu","AB",2020-02-17,0
"icu","AB",2020-02-18,0
"icu","AB",2020-02-19,0
"icu","AB",2020-02-20,0
"icu","AB",2020-02-21,0
"icu","AB",2020-02-22,0
"icu","AB",2020-02-23,0
"icu","AB",2020-02-24,0
"icu","AB",2020-02-25,0
"icu","AB",2020-02-26,0
"icu","AB",2020-02-27,0
"icu","AB",2020-02-28,0
"icu","AB",2020-02-29,0
"icu","AB",2020-03-01,0
"icu","AB",2020-03-02,0
"icu","AB",2020-03-03,0
"icu","AB",2020-03-04,0
"icu","AB",2020-03-05,0
"icu","AB",2020-03-06,0
"icu","AB",2020-03-07,0
"icu","AB",2020-03-08,0
"icu","AB",2020-03-09,0
"icu","AB",2020-03-10,0
"icu","AB",2020-03-11,0
"icu","AB",2020-03-12,0
"icu","AB",2020-03-13,1
"icu","AB",2020-03-14,2
"icu","AB",2020-03-15,2
"icu","AB",2020-03-16,2
"icu","AB",2020-03-17,2
"icu","AB",2020-03-18,3
"icu","AB",2020-03-19,3
"icu","AB",2020-03-20,8
"icu","AB",2020-03-21,9
"icu","AB",2020-03-22,10
"icu","AB",2020-03-23,10
"icu","AB",2020-03-24,10
"icu","AB",2020-03-25,11
"icu","AB",2020-03-26,11
"icu","AB",2020-03-27,11
"icu","AB",2020-03-28,13
"icu","AB",2020-03-29,14
"icu","AB",2020-03-30,15
"icu","AB",2020-03-31,17
"icu","AB",2020-04-01,18
"icu","AB",2020-04-02,20
"icu","AB",2020-04-03,20
"icu","AB",2020-04-04,19
"icu","AB",2020-04-05,20
"icu","AB",2020-04-06,20
"icu","AB",2020-04-07,18
"icu","AB",2020-04-08,16
"icu","AB",2020-04-09,16
"icu","AB",2020-04-10,15
"icu","AB",2020-04-11,15
"icu","AB",2020-04-12,15
"icu","AB",2020-04-13,15
"icu","AB",2020-04-14,14
"icu","AB",2020-04-15,15
"icu","AB",2020-04-16,13
"icu","AB",2020-04-17,14
"icu","AB",2020-04-18,14
"icu","AB",2020-04-19,16
"icu","AB",2020-04-20,19
"icu","AB",2020-04-21,18
"icu","AB",2020-04-22,20
"icu","AB",2020-04-23,19
"icu","AB",2020-04-24,18
"icu","AB",2020-04-25,21
"icu","AB",2020-04-26,19
"icu","AB",2020-04-27,20
"icu","AB",2020-04-28,19
"icu","AB",2020-04-29,22
"icu","AB",2020-04-30,21
"icu","AB",2020-05-01,21
"icu","AB",2020-05-02,23
"icu","AB",2020-05-03,19
"icu","AB",2020-05-04,21
"icu","AB",2020-05-05,21
"icu","AB",2020-05-06,21
"icu","AB",2020-05-07,20
"icu","AB",2020-05-08,19
"icu","AB",2020-05-09,17
"icu","AB",2020-05-10,16
"icu","AB",2020-05-11,14
"icu","AB",2020-05-12,13
"icu","AB",2020-05-13,12
"icu","AB",2020-05-14,10
"icu","AB",2020-05-15,10
"icu","AB",2020-05-16,9
"icu","AB",2020-05-17,8
"icu","AB",2020-05-18,9
"icu","AB",2020-05-19,9
"icu","AB",2020-05-20,8
"icu","AB",2020-05-21,7
"icu","AB",2020-05-22,6
"icu","AB",2020-05-23,7
"icu","AB",2020-05-24,7
"icu","AB",2020-05-25,6
"icu","AB",2020-05-26,5
"icu","AB",2020-05-27,5
"icu","AB",2020-05-28,4
"icu","AB",2020-05-29,4
"icu","AB",2020-05-30,5
"icu","AB",2020-05-31,6
"icu","AB",2020-06-01,6
"icu","AB",2020-06-02,6
"icu","AB",2020-06-03,6
"icu","AB",2020-06-04,6
"icu","AB",2020-06-05,7
"icu","AB",2020-06-06,7
"icu","AB",2020-06-07,7
"icu","AB",2020-06-08,7
"icu","AB",2020-06-09,7
"icu","AB",2020-06-10,8
"icu","AB",2020-06-11,7
"icu","AB",2020-06-12,7
"icu","AB",2020-06-13,8
"icu","AB",2020-06-14,8
"icu","AB",2020-06-15,9
"icu","AB",2020-06-16,9
"icu","AB",2020-06-17,10
"icu","AB",2020-06-18,9
"icu","AB",2020-06-19,7
"icu","AB",2020-06-20,7
"icu","AB",2020-06-21,7
"icu","AB",2020-06-22,6
"icu","AB",2020-06-23,6
"icu","AB",2020-06-24,7
"icu","AB",2020-06-25,8
"icu","AB",2020-06-26,9
"icu","AB",2020-06-27,9
"icu","AB",2020-06-28,9
"icu","AB",2020-06-29,10
"icu","AB",2020-06-30,10
"icu","AB",2020-07-01,9
"icu","AB",2020-07-02,9
"icu","AB",2020-07-03,10
"icu","AB",2020-07-04,9
"icu","AB",2020-07-05,8
"icu","AB",2020-07-06,6
"icu","AB",2020-07-07,6
"icu","AB",2020-07-08,7
"icu","AB",2020-07-09,7
"icu","AB",2020-07-10,9
"icu","AB",2020-07-11,8
"icu","AB",2020-07-12,11
"icu","AB",2020-07-13,13
"icu","AB",2020-07-14,13
"icu","AB",2020-07-15,7
"icu","AB",2020-07-16,9
"icu","AB",2020-07-17,16
"icu","AB",2020-07-18,16
"icu","AB",2020-07-19,15
"icu","AB",2020-07-20,17
"icu","AB",2020-07-21,16
"icu","AB",2020-07-22,18
"icu","AB",2020-07-23,21
"icu","AB",2020-07-24,19
"icu","AB",2020-07-25,16
"icu","AB",2020-07-26,16
"icu","AB",2020-07-27,17
"icu","AB",2020-07-28,16
"icu","AB",2020-07-29,17
"icu","AB",2020-07-30,18
"icu","AB",2020-07-31,17
"icu","AB",2020-08-01,16
"icu","AB",2020-08-02,18
"icu","AB",2020-08-03,18
"icu","AB",2020-08-04,23
"icu","AB",2020-08-05,20
"icu","AB",2020-08-06,19
"icu","AB",2020-08-07,18
"icu","AB",2020-08-08,17
"icu","AB",2020-08-09,17
"icu","AB",2020-08-10,14
"icu","AB",2020-08-11,14
"icu","AB",2020-08-12,13
"icu","AB",2020-08-13,12
"icu","AB",2020-08-14,13
"icu","AB",2020-08-15,13
"icu","AB",2020-08-16,13
"icu","AB",2020-08-17,10
"icu","AB",2020-08-18,11
"icu","AB",2020-08-19,12
"icu","AB",2020-08-20,12
"icu","AB",2020-08-21,9
"icu","AB",2020-08-22,9
"icu","AB",2020-08-23,9
"icu","AB",2020-08-24,9
"icu","AB",2020-08-25,7
"icu","AB",2020-08-26,7
"icu","AB",2020-08-27,7
"icu","AB",2020-08-28,7
"icu","AB",2020-08-29,7
"icu","AB",2020-08-30,7
"icu","AB",2020-08-31,8
"icu","AB",2020-09-01,10
"icu","AB",2020-09-02,9
"icu","AB",2020-09-03,9
"icu","AB",2020-09-04,9
"icu","AB",2020-09-05,9
"icu","AB",2020-09-06,9
"icu","AB",2020-09-07,9
"icu","AB",2020-09-08,10
"icu","AB",2020-09-09,7
"icu","AB",2020-09-10,7
"icu","AB",2020-09-11,6
"icu","AB",2020-09-12,6
"icu","AB",2020-09-13,6
"icu","AB",2020-09-14,7
"icu","AB",2020-09-15,7
"icu","AB",2020-09-16,6
"icu","AB",2020-09-17,8
"icu","AB",2020-09-18,7
"icu","AB",2020-09-19,7
"icu","AB",2020-09-20,7
"icu","AB",2020-09-21,9
"icu","AB",2020-09-22,9
"icu","AB",2020-09-23,13
"icu","AB",2020-09-24,14
"icu","AB",2020-09-25,14
"icu","AB",2020-09-26,14
"icu","AB",2020-09-27,14
"icu","AB",2020-09-28,15
"icu","AB",2020-09-29,13
"icu","AB",2020-09-30,13
"icu","AB",2020-10-01,12
"icu","AB",2020-10-02,15
"icu","AB",2020-10-03,15
"icu","AB",2020-10-04,15
"icu","AB",2020-10-05,14
"icu","AB",2020-10-06,13
"icu","AB",2020-10-07,13
"icu","AB",2020-10-08,13
"icu","AB",2020-10-09,11
"icu","AB",2020-10-10,11
"icu","AB",2020-10-11,11
"icu","AB",2020-10-12,11
"icu","AB",2020-10-13,13
"icu","AB",2020-10-14,14
"icu","AB",2020-10-15,16
"icu","AB",2020-10-16,11
"icu","AB",2020-10-17,11
"icu","AB",2020-10-18,11
"icu","AB",2020-10-19,18
"icu","AB",2020-10-20,16
"icu","AB",2020-10-21,16
"icu","AB",2020-10-22,18
"icu","AB",2020-10-23,14
"icu","AB",2020-10-24,14
"icu","AB",2020-10-25,14
"icu","AB",2020-10-26,16
"icu","AB",2020-10-27,16
"icu","AB",2020-10-28,19
"icu","AB",2020-10-29,18
"icu","AB",2020-10-30,25
"icu","AB",2020-10-31,25
"icu","AB",2020-11-01,25
"icu","AB",2020-11-02,25
"icu","AB",2020-11-03,27
"icu","AB",2020-11-04,30
"icu","AB",2020-11-05,30
"icu","AB",2020-11-06,33
"icu","AB",2020-11-07,33
"icu","AB",2020-11-08,33
"icu","AB",2020-11-09,39
"icu","AB",2020-11-10,43
"icu","AB",2020-11-11,46
"icu","AB",2020-11-12,51
"icu","AB",2020-11-13,54
"icu","AB",2020-11-14,54
"icu","AB",2020-11-15,58
"icu","AB",2020-11-16,57
"icu","AB",2020-11-17,57
"icu","AB",2020-11-18,57
"icu","AB",2020-11-19,61
"icu","AB",2020-11-20,58
"icu","AB",2020-11-21,56
"icu","AB",2020-11-22,60
"icu","AB",2020-11-23,62
"icu","AB",2020-11-24,66
"icu","AB",2020-11-25,71
"icu","AB",2020-11-26,84
"icu","AB",2020-11-27,86
"icu","AB",2020-11-28,88
"icu","AB",2020-11-29,95
"icu","AB",2020-11-30,96
"icu","AB",2020-12-01,97
"icu","AB",2020-12-02,97
"icu","AB",2020-12-03,97
"icu","AB",2020-12-04,99
"icu","AB",2020-12-05,101
"icu","AB",2020-12-06,100
"icu","AB",2020-12-07,108
"icu","AB",2020-12-08,112
"icu","AB",2020-12-09,121
"icu","AB",2020-12-10,124
"icu","AB",2020-12-11,123
"icu","AB",2020-12-12,128
"icu","AB",2020-12-13,136
"icu","AB",2020-12-14,136
"icu","AB",2020-12-15,137
"icu","AB",2020-12-16,139
"icu","AB",2020-12-17,138
"icu","AB",2020-12-18,141
"icu","AB",2020-12-19,151
"icu","AB",2020-12-20,149
"icu","AB",2020-12-21,151
"icu","AB",2020-12-22,152
"icu","AB",2020-12-23,146
"icu","AB",2020-12-24,146
"icu","AB",2020-12-25,146
"icu","AB",2020-12-26,146
"icu","AB",2020-12-27,146
"icu","AB",2020-12-28,148
"icu","AB",2020-12-29,153
"icu","AB",2020-12-30,152
"icu","AB",2020-12-31,152
"icu","AB",2021-01-01,152
"icu","AB",2021-01-02,152
"icu","AB",2021-01-03,152
"icu","AB",2021-01-04,136
"icu","AB",2021-01-05,140
"icu","AB",2021-01-06,141
"icu","AB",2021-01-07,139
"icu","AB",2021-01-08,135
"icu","AB",2021-01-09,132
"icu","AB",2021-01-10,128
"icu","AB",2021-01-11,130
"icu","AB",2021-01-12,132
"icu","AB",2021-01-13,137
"icu","AB",2021-01-14,136
"icu","AB",2021-01-15,124
"icu","AB",2021-01-16,122
"icu","AB",2021-01-17,123
"icu","AB",2021-01-18,120
"icu","AB",2021-01-19,119
"icu","AB",2021-01-20,124
"icu","AB",2021-01-21,119
"icu","AB",2021-01-22,115
"icu","AB",2021-01-23,114
"icu","AB",2021-01-24,111
"icu","AB",2021-01-25,113
"icu","AB",2021-01-26,108
"icu","AB",2021-01-27,110
"icu","AB",2021-01-28,112
"icu","AB",2021-01-29,110
"icu","AB",2021-01-30,103
"icu","AB",2021-01-31,101
"icu","BC",2020-01-25,0
"icu","BC",2020-01-26,0
"icu","BC",2020-01-27,0
"icu","BC",2020-01-28,0
"icu","BC",2020-01-29,0
"icu","BC",2020-01-30,0
"icu","BC",2020-01-31,0
"icu","BC",2020-02-01,0
"icu","BC",2020-02-02,0
"icu","BC",2020-02-03,0
"icu","BC",2020-02-04,0
"icu","BC",2020-02-05,0
"icu","BC",2020-02-06,0
"icu","BC",2020-02-07,0
"icu","BC",2020-02-08,0
"icu","BC",2020-02-09,0
"icu","BC",2020-02-10,0
"icu","BC",2020-02-11,0
"icu","BC",2020-02-12,0
"icu","BC",2020-02-13,0
"icu","BC",2020-02-14,0
"icu","BC",2020-02-15,0
"icu","BC",2020-02-16,0
"icu","BC",2020-02-17,0
"icu","BC",2020-02-18,0
"icu","BC",2020-02-19,0
"icu","BC",2020-02-20,0
"icu","BC",2020-02-21,0
"icu","BC",2020-02-22,0
"icu","BC",2020-02-23,0
"icu","BC",2020-02-24,0
"icu","BC",2020-02-25,0
"icu","BC",2020-02-26,0
"icu","BC",2020-02-27,0
"icu","BC",2020-02-28,0
"icu","BC",2020-02-29,0
"icu","BC",2020-03-01,0
"icu","BC",2020-03-02,0
"icu","BC",2020-03-03,0
"icu","BC",2020-03-04,0
"icu","BC",2020-03-05,0
"icu","BC",2020-03-06,0
"icu","BC",2020-03-07,0
"icu","BC",2020-03-08,0
"icu","BC",2020-03-09,0
"icu","BC",2020-03-10,0
"icu","BC",2020-03-11,0
"icu","BC",2020-03-12,0
"icu","BC",2020-03-13,0
"icu","BC",2020-03-14,0
"icu","BC",2020-03-15,0
"icu","BC",2020-03-16,0
"icu","BC",2020-03-17,4
"icu","BC",2020-03-18,7
"icu","BC",2020-03-19,9
"icu","BC",2020-03-20,10
"icu","BC",2020-03-21,12
"icu","BC",2020-03-22,12
"icu","BC",2020-03-23,14
"icu","BC",2020-03-24,23
"icu","BC",2020-03-25,26
"icu","BC",2020-03-26,26
"icu","BC",2020-03-27,26
"icu","BC",2020-03-28,52
"icu","BC",2020-03-29,52
"icu","BC",2020-03-30,60
"icu","BC",2020-03-31,61
"icu","BC",2020-04-01,67
"icu","BC",2020-04-02,68
"icu","BC",2020-04-03,64
"icu","BC",2020-04-04,68
"icu","BC",2020-04-05,68
"icu","BC",2020-04-06,72
"icu","BC",2020-04-07,66
"icu","BC",2020-04-08,61
"icu","BC",2020-04-09,68
"icu","BC",2020-04-10,65
"icu","BC",2020-04-11,63
"icu","BC",2020-04-12,63
"icu","BC",2020-04-13,58
"icu","BC",2020-04-14,58
"icu","BC",2020-04-15,59
"icu","BC",2020-04-16,56
"icu","BC",2020-04-17,52
"icu","BC",2020-04-18,54
"icu","BC",2020-04-19,54
"icu","BC",2020-04-20,49
"icu","BC",2020-04-21,51
"icu","BC",2020-04-22,46
"icu","BC",2020-04-23,44
"icu","BC",2020-04-24,41
"icu","BC",2020-04-25,41
"icu","BC",2020-04-26,41
"icu","BC",2020-04-27,36
"icu","BC",2020-04-28,37
"icu","BC",2020-04-29,35
"icu","BC",2020-04-30,30
"icu","BC",2020-05-01,24
"icu","BC",2020-05-02,23
"icu","BC",2020-05-03,23
"icu","BC",2020-05-04,20
"icu","BC",2020-05-05,21
"icu","BC",2020-05-06,19
"icu","BC",2020-05-07,20
"icu","BC",2020-05-08,20
"icu","BC",2020-05-09,21
"icu","BC",2020-05-10,21
"icu","BC",2020-05-11,18
"icu","BC",2020-05-12,16
"icu","BC",2020-05-13,14
"icu","BC",2020-05-14,12
"icu","BC",2020-05-15,12
"icu","BC",2020-05-16,11
"icu","BC",2020-05-17,11
"icu","BC",2020-05-18,12
"icu","BC",2020-05-19,12
"icu","BC",2020-05-20,10
"icu","BC",2020-05-21,8
"icu","BC",2020-05-22,8
"icu","BC",2020-05-23,8
"icu","BC",2020-05-24,8
"icu","BC",2020-05-25,7
"icu","BC",2020-05-26,7
"icu","BC",2020-05-27,7
"icu","BC",2020-05-28,6
"icu","BC",2020-05-29,6
"icu","BC",2020-05-30,5
"icu","BC",2020-05-31,5
"icu","BC",2020-06-01,5
"icu","BC",2020-06-02,8
"icu","BC",2020-06-03,7
"icu","BC",2020-06-04,6
"icu","BC",2020-06-05,5
"icu","BC",2020-06-06,5
"icu","BC",2020-06-07,5
"icu","BC",2020-06-08,4
"icu","BC",2020-06-09,4
"icu","BC",2020-06-10,4
"icu","BC",2020-06-11,5
"icu","BC",2020-06-12,3
"icu","BC",2020-06-13,3
"icu","BC",2020-06-14,3
"icu","BC",2020-06-15,4
"icu","BC",2020-06-16,5
"icu","BC",2020-06-17,5
"icu","BC",2020-06-18,5
"icu","BC",2020-06-19,6
"icu","BC",2020-06-20,6
"icu","BC",2020-06-21,6
"icu","BC",2020-06-22,6
"icu","BC",2020-06-23,7
"icu","BC",2020-06-24,7
"icu","BC",2020-06-25,7
"icu","BC",2020-06-26,5
"icu","BC",2020-06-27,5
"icu","BC",2020-06-28,5
"icu","BC",2020-06-29,5
"icu","BC",2020-06-30,4
"icu","BC",2020-07-01,4
"icu","BC",2020-07-02,2
"icu","BC",2020-07-03,2
"icu","BC",2020-07-04,2
"icu","BC",2020-07-05,2
"icu","BC",2020-07-06,4
"icu","BC",2020-07-07,4
"icu","BC",2020-07-08,3
"icu","BC",2020-07-09,4
"icu","BC",2020-07-10,5
"icu","BC",2020-07-11,5
"icu","BC",2020-07-12,5
"icu","BC",2020-07-13,5
"icu","BC",2020-07-14,5
"icu","BC",2020-07-15,5
"icu","BC",2020-07-16,3
"icu","BC",2020-07-17,2
"icu","BC",2020-07-18,2
"icu","BC",2020-07-19,2
"icu","BC",2020-07-20,4
"icu","BC",2020-07-21,3
"icu","BC",2020-07-22,3
"icu","BC",2020-07-23,3
"icu","BC",2020-07-24,3
"icu","BC",2020-07-25,3
"icu","BC",2020-07-26,3
"icu","BC",2020-07-27,3
"icu","BC",2020-07-28,3
"icu","BC",2020-07-29,2
"icu","BC",2020-07-30,2
"icu","BC",2020-07-31,2
"icu","BC",2020-08-01,2
"icu","BC",2020-08-02,2
"icu","BC",2020-08-03,2
"icu","BC",2020-08-04,4
"icu","BC",2020-08-05,6
"icu","BC",2020-08-06,5
"icu","BC",2020-08-07,4
"icu","BC",2020-08-08,4
"icu","BC",2020-08-09,4
"icu","BC",2020-08-10,3
"icu","BC",2020-08-11,5
"icu","BC",2020-08-12,5
"icu","BC",2020-08-13,4
"icu","BC",2020-08-14,4
"icu","BC",2020-08-15,4
"icu","BC",2020-08-16,4
"icu","BC",2020-08-17,3
"icu","BC",2020-08-18,3
"icu","BC",2020-08-19,4
"icu","BC",2020-08-20,4
"icu","BC",2020-08-21,5
"icu","BC",2020-08-22,5
"icu","BC",2020-08-23,5
"icu","BC",2020-08-24,5
"icu","BC",2020-08-25,7
"icu","BC",2020-08-26,7
"icu","BC",2020-08-27,7
"icu","BC",2020-08-28,7
"icu","BC",2020-08-29,7
"icu","BC",2020-08-30,7
"icu","BC",2020-08-31,10
"icu","BC",2020-09-01,10
"icu","BC",2020-09-02,14
"icu","BC",2020-09-03,11
"icu","BC",2020-09-04,12
"icu","BC",2020-09-05,12
"icu","BC",2020-09-06,12
"icu","BC",2020-09-07,12
"icu","BC",2020-09-08,12
"icu","BC",2020-09-09,15
"icu","BC",2020-09-10,14
"icu","BC",2020-09-11,10
"icu","BC",2020-09-12,10
"icu","BC",2020-09-13,10
"icu","BC",2020-09-14,16
"icu","BC",2020-09-15,20
"icu","BC",2020-09-16,23
"icu","BC",2020-09-17,22
"icu","BC",2020-09-18,20
"icu","BC",2020-09-19,20
"icu","BC",2020-09-20,20
"icu","BC",2020-09-21,21
"icu","BC",2020-09-22,22
"icu","BC",2020-09-23,18
"icu","BC",2020-09-24,20
"icu","BC",2020-09-25,19
"icu","BC",2020-09-26,19
"icu","BC",2020-09-27,19
"icu","BC",2020-09-28,22
"icu","BC",2020-09-29,20
"icu","BC",2020-09-30,21
"icu","BC",2020-10-01,19
"icu","BC",2020-10-02,16
"icu","BC",2020-10-03,16
"icu","BC",2020-10-04,16
"icu","BC",2020-10-05,16
"icu","BC",2020-10-06,16
"icu","BC",2020-10-07,15
"icu","BC",2020-10-08,17
"icu","BC",2020-10-09,19
"icu","BC",2020-10-10,19
"icu","BC",2020-10-11,19
"icu","BC",2020-10-12,19
"icu","BC",2020-10-13,24
"icu","BC",2020-10-14,24
"icu","BC",2020-10-15,24
"icu","BC",2020-10-16,26
"icu","BC",2020-10-17,26
"icu","BC",2020-10-18,26
"icu","BC",2020-10-19,19
"icu","BC",2020-10-20,18
"icu","BC",2020-10-21,21
"icu","BC",2020-10-22,24
"icu","BC",2020-10-23,24
"icu","BC",2020-10-24,24
"icu","BC",2020-10-25,24
"icu","BC",2020-10-26,26
"icu","BC",2020-10-27,27
"icu","BC",2020-10-28,25
"icu","BC",2020-10-29,24
"icu","BC",2020-10-30,25
"icu","BC",2020-10-31,25
"icu","BC",2020-11-01,25
"icu","BC",2020-11-02,19
"icu","BC",2020-11-03,22
"icu","BC",2020-11-04,25
"icu","BC",2020-11-05,24
"icu","BC",2020-11-06,28
"icu","BC",2020-11-07,31
"icu","BC",2020-11-08,31
"icu","BC",2020-11-09,43
"icu","BC",2020-11-10,46
"icu","BC",2020-11-11,46
"icu","BC",2020-11-12,44
"icu","BC",2020-11-13,50
"icu","BC",2020-11-14,50
"icu","BC",2020-11-15,50
"icu","BC",2020-11-16,57
"icu","BC",2020-11-17,63
"icu","BC",2020-11-18,58
"icu","BC",2020-11-19,59
"icu","BC",2020-11-20,57
"icu","BC",2020-11-21,57
"icu","BC",2020-11-22,57
"icu","BC",2020-11-23,59
"icu","BC",2020-11-24,61
"icu","BC",2020-11-25,61
"icu","BC",2020-11-26,64
"icu","BC",2020-11-27,69
"icu","BC",2020-11-28,69
"icu","BC",2020-11-29,69
"icu","BC",2020-11-30,75
"icu","BC",2020-12-01,76
"icu","BC",2020-12-02,79
"icu","BC",2020-12-03,80
"icu","BC",2020-12-04,76
"icu","BC",2020-12-05,76
"icu","BC",2020-12-06,76
"icu","BC",2020-12-07,77
"icu","BC",2020-12-08,74
"icu","BC",2020-12-09,76
"icu","BC",2020-12-10,75
"icu","BC",2020-12-11,87
"icu","BC",2020-12-12,87
"icu","BC",2020-12-13,87
"icu","BC",2020-12-14,87
"icu","BC",2020-12-15,93
"icu","BC",2020-12-16,91
"icu","BC",2020-12-17,93
"icu","BC",2020-12-18,92
"icu","BC",2020-12-19,92
"icu","BC",2020-12-20,92
"icu","BC",2020-12-21,80
"icu","BC",2020-12-22,84
"icu","BC",2020-12-23,80
"icu","BC",2020-12-24,78
"icu","BC",2020-12-25,78
"icu","BC",2020-12-26,78
"icu","BC",2020-12-27,78
"icu","BC",2020-12-28,78
"icu","BC",2020-12-29,80
"icu","BC",2020-12-30,77
"icu","BC",2020-12-31,76
"icu","BC",2021-01-01,76
"icu","BC",2021-01-02,76
"icu","BC",2021-01-03,76
"icu","BC",2021-01-04,76
"icu","BC",2021-01-05,77
"icu","BC",2021-01-06,78
"icu","BC",2021-01-07,74
"icu","BC",2021-01-08,75
"icu","BC",2021-01-09,75
"icu","BC",2021-01-10,75
"icu","BC",2021-01-11,72
"icu","BC",2021-01-12,72
"icu","BC",2021-01-13,76
"icu","BC",2021-01-14,74
"icu","BC",2021-01-15,68
"icu","BC",2021-01-16,68
"icu","BC",2021-01-17,68
"icu","BC",2021-01-18,68
"icu","BC",2021-01-19,70
"icu","BC",2021-01-20,66
"icu","BC",2021-01-21,68
"icu","BC",2021-01-22,74
"icu","BC",2021-01-23,74
"icu","BC",2021-01-24,74
"icu","BC",2021-01-25,68
"icu","BC",2021-01-26,71
"icu","BC",2021-01-27,74
"icu","BC",2021-01-28,75
"icu","BC",2021-01-29,74
"icu","BC",2021-01-30,74
"icu","BC",2021-01-31,74
"icu","MB",2020-01-25,0
"icu","MB",2020-01-26,0
"icu","MB",2020-01-27,0
"icu","MB",2020-01-28,0
"icu","MB",2020-01-29,0
"icu","MB",2020-01-30,0
"icu","MB",2020-01-31,0
"icu","MB",2020-02-01,0
"icu","MB",2020-02-02,0
"icu","MB",2020-02-03,0
"icu","MB",2020-02-04,0
"icu","MB",2020-02-05,0
"icu","MB",2020-02-06,0
"icu","MB",2020-02-07,0
"icu","MB",2020-02-08,0
"icu","MB",2020-02-09,0
"icu","MB",2020-02-10,0
"icu","MB",2020-02-11,0
"icu","MB",2020-02-12,0
"icu","MB",2020-02-13,0
"icu","MB",2020-02-14,0
"icu","MB",2020-02-15,0
"icu","MB",2020-02-16,0
"icu","MB",2020-02-17,0
"icu","MB",2020-02-18,0
"icu","MB",2020-02-19,0
"icu","MB",2020-02-20,0
"icu","MB",2020-02-21,0
"icu","MB",2020-02-22,0
"icu","MB",2020-02-23,0
"icu","MB",2020-02-24,0
"icu","MB",2020-02-25,0
"icu","MB",2020-02-26,0
"icu","MB",2020-02-27,0
"icu","MB",2020-02-28,0
"icu","MB",2020-02-29,0
"icu","MB",2020-03-01,0
"icu","MB",2020-03-02,0
"icu","MB",2020-03-03,0
"icu","MB",2020-03-04,0
"icu","MB",2020-03-05,0
"icu","MB",2020-03-06,0
"icu","MB",2020-03-07,0
"icu","MB",2020-03-08,0
"icu","MB",2020-03-09,0
"icu","MB",2020-03-10,0
"icu","MB",2020-03-11,0
"icu","MB",2020-03-12,0
"icu","MB",2020-03-13,0
"icu","MB",2020-03-14,0
"icu","MB",2020-03-15,0
"icu","MB",2020-03-16,0
"icu","MB",2020-03-17,0
"icu","MB",2020-03-18,0
"icu","MB",2020-03-19,0
"icu","MB",2020-03-20,0
"icu","MB",2020-03-21,0
"icu","MB",2020-03-22,0
"icu","MB",2020-03-23,0
"icu","MB",2020-03-24,0
"icu","MB",2020-03-25,0
"icu","MB",2020-03-26,0
"icu","MB",2020-03-27,0
"icu","MB",2020-03-28,0
"icu","MB",2020-03-29,0
"icu","MB",2020-03-30,1
"icu","MB",2020-03-31,2
"icu","MB",2020-04-01,3
"icu","MB",2020-04-02,4
"icu","MB",2020-04-03,6
"icu","MB",2020-04-04,6
"icu","MB",2020-04-05,7
"icu","MB",2020-04-06,7
"icu","MB",2020-04-07,6
"icu","MB",2020-04-08,6
"icu","MB",2020-04-09,5
"icu","MB",2020-04-10,5
"icu","MB",2020-04-11,5
"icu","MB",2020-04-12,4
"icu","MB",2020-04-13,4
"icu","MB",2020-04-14,4
"icu","MB",2020-04-15,4
"icu","MB",2020-04-16,4
"icu","MB",2020-04-17,4
"icu","MB",2020-04-18,4
"icu","MB",2020-04-19,5
"icu","MB",2020-04-20,5
"icu","MB",2020-04-21,4
"icu","MB",2020-04-22,3
"icu","MB",2020-04-23,2
"icu","MB",2020-04-24,3
"icu","MB",2020-04-25,2
"icu","MB",2020-04-26,2
"icu","MB",2020-04-27,2
"icu","MB",2020-04-28,2
"icu","MB",2020-04-29,0
"icu","MB",2020-04-30,0
"icu","MB",2020-05-01,0
"icu","MB",2020-05-02,0
"icu","MB",2020-05-03,0
"icu","MB",2020-05-04,0
"icu","MB",2020-05-05,0
"icu","MB",2020-05-06,0
"icu","MB",2020-05-07,0
"icu","MB",2020-05-08,0
"icu","MB",2020-05-09,0
"icu","MB",2020-05-10,1
"icu","MB",2020-05-11,1
"icu","MB",2020-05-12,1
"icu","MB",2020-05-13,1
"icu","MB",2020-05-14,1
"icu","MB",2020-05-15,1
"icu","MB",2020-05-16,1
"icu","MB",2020-05-17,1
"icu","MB",2020-05-18,0
"icu","MB",2020-05-19,0
"icu","MB",2020-05-20,0
"icu","MB",2020-05-21,0
"icu","MB",2020-05-22,0
"icu","MB",2020-05-23,0
"icu","MB",2020-05-24,0
"icu","MB",2020-05-25,0
"icu","MB",2020-05-26,0
"icu","MB",2020-05-27,0
"icu","MB",2020-05-28,0
"icu","MB",2020-05-29,0
"icu","MB",2020-05-30,0
"icu","MB",2020-05-31,0
"icu","MB",2020-06-01,0
"icu","MB",2020-06-02,0
"icu","MB",2020-06-03,0
"icu","MB",2020-06-04,0
"icu","MB",2020-06-05,0
"icu","MB",2020-06-06,0
"icu","MB",2020-06-07,0
"icu","MB",2020-06-08,0
"icu","MB",2020-06-09,0
"icu","MB",2020-06-10,0
"icu","MB",2020-06-11,0
"icu","MB",2020-06-12,0
"icu","MB",2020-06-13,0
"icu","MB",2020-06-14,0
"icu","MB",2020-06-15,0
"icu","MB",2020-06-16,0
"icu","MB",2020-06-17,0
"icu","MB",2020-06-18,0
"icu","MB",2020-06-19,0
"icu","MB",2020-06-20,0
"icu","MB",2020-06-21,0
"icu","MB",2020-06-22,0
"icu","MB",2020-06-23,0
"icu","MB",2020-06-24,0
"icu","MB",2020-06-25,0
"icu","MB",2020-06-26,0
"icu","MB",2020-06-27,0
"icu","MB",2020-06-28,0
"icu","MB",2020-06-29,0
"icu","MB",2020-06-30,0
"icu","MB",2020-07-01,0
"icu","MB",2020-07-02,0
"icu","MB",2020-07-03,0
"icu","MB",2020-07-04,0
"icu","MB",2020-07-05,0
"icu","MB",2020-07-06,0
"icu","MB",2020-07-07,0
"icu","MB",2020-07-08,0
"icu","MB",2020-07-09,0
"icu","MB",2020-07-10,0
"icu","MB",2020-07-11,0
"icu","MB",2020-07-12,0
"icu","MB",2020-07-13,0
"icu","MB",2020-07-14,0
"icu","MB",2020-07-15,0
"icu","MB",2020-07-16,0
"icu","MB",2020-07-17,0
"icu","MB",2020-07-18,0
"icu","MB",2020-07-19,0
"icu","MB",2020-07-20,1
"icu","MB",2020-07-21,1
"icu","MB",2020-07-22,1
"icu","MB",2020-07-23,1
"icu","MB",2020-07-24,2
"icu","MB",2020-07-25,2
"icu","MB",2020-07-26,2
"icu","MB",2020-07-27,2
"icu","MB",2020-07-28,2
"icu","MB",2020-07-29,4
"icu","MB",2020-07-30,4
"icu","MB",2020-07-31,5
"icu","MB",2020-08-01,5
"icu","MB",2020-08-02,5
"icu","MB",2020-08-03,5
"icu","MB",2020-08-04,4
"icu","MB",2020-08-05,5
"icu","MB",2020-08-06,5
"icu","MB",2020-08-07,3
"icu","MB",2020-08-08,3
"icu","MB",2020-08-09,3
"icu","MB",2020-08-10,3
"icu","MB",2020-08-11,3
"icu","MB",2020-08-12,3
"icu","MB",2020-08-13,3
"icu","MB",2020-08-14,3
"icu","MB",2020-08-15,3
"icu","MB",2020-08-16,3
"icu","MB",2020-08-17,3
"icu","MB",2020-08-18,2
"icu","MB",2020-08-19,2
"icu","MB",2020-08-20,2
"icu","MB",2020-08-21,1
"icu","MB",2020-08-22,1
"icu","MB",2020-08-23,1
"icu","MB",2020-08-24,1
"icu","MB",2020-08-25,1
"icu","MB",2020-08-26,1
"icu","MB",2020-08-27,1
"icu","MB",2020-08-28,1
"icu","MB",2020-08-29,1
"icu","MB",2020-08-30,1
"icu","MB",2020-08-31,1
"icu","MB",2020-09-01,1
"icu","MB",2020-09-02,1
"icu","MB",2020-09-03,1
"icu","MB",2020-09-04,1
"icu","MB",2020-09-05,2
"icu","MB",2020-09-06,2
"icu","MB",2020-09-07,3
"icu","MB",2020-09-08,3
"icu","MB",2020-09-09,3
"icu","MB",2020-09-10,3
"icu","MB",2020-09-11,4
"icu","MB",2020-09-12,4
"icu","MB",2020-09-13,3
"icu","MB",2020-09-14,3
"icu","MB",2020-09-15,3
"icu","MB",2020-09-16,3
"icu","MB",2020-09-17,2
"icu","MB",2020-09-18,3
"icu","MB",2020-09-19,3
"icu","MB",2020-09-20,3
"icu","MB",2020-09-21,2
"icu","MB",2020-09-22,2
"icu","MB",2020-09-23,5
"icu","MB",2020-09-24,6
"icu","MB",2020-09-25,6
"icu","MB",2020-09-26,6
"icu","MB",2020-09-27,6
"icu","MB",2020-09-28,7
"icu","MB",2020-09-29,8
"icu","MB",2020-09-30,7
"icu","MB",2020-10-01,7
"icu","MB",2020-10-02,7
"icu","MB",2020-10-03,7
"icu","MB",2020-10-04,5
"icu","MB",2020-10-05,6
"icu","MB",2020-10-06,7
"icu","MB",2020-10-07,6
"icu","MB",2020-10-08,6
"icu","MB",2020-10-09,6
"icu","MB",2020-10-10,4
"icu","MB",2020-10-11,4
"icu","MB",2020-10-12,4
"icu","MB",2020-10-13,5
"icu","MB",2020-10-14,3
"icu","MB",2020-10-15,5
"icu","MB",2020-10-16,5
"icu","MB",2020-10-17,5
"icu","MB",2020-10-18,6
"icu","MB",2020-10-19,6
"icu","MB",2020-10-20,6
"icu","MB",2020-10-21,6
"icu","MB",2020-10-22,8
"icu","MB",2020-10-23,8
"icu","MB",2020-10-24,10
"icu","MB",2020-10-25,15
"icu","MB",2020-10-26,15
"icu","MB",2020-10-27,15
"icu","MB",2020-10-28,19
"icu","MB",2020-10-29,17
"icu","MB",2020-10-30,19
"icu","MB",2020-10-31,20
"icu","MB",2020-11-01,18
"icu","MB",2020-11-02,18
"icu","MB",2020-11-03,20
"icu","MB",2020-11-04,21
"icu","MB",2020-11-05,16
"icu","MB",2020-11-06,20
"icu","MB",2020-11-07,23
"icu","MB",2020-11-08,25
"icu","MB",2020-11-09,28
"icu","MB",2020-11-10,30
"icu","MB",2020-11-11,32
"icu","MB",2020-11-12,34
"icu","MB",2020-11-13,34
"icu","MB",2020-11-14,34
"icu","MB",2020-11-15,41
"icu","MB",2020-11-16,42
"icu","MB",2020-11-17,41
"icu","MB",2020-11-18,40
"icu","MB",2020-11-19,43
"icu","MB",2020-11-20,43
"icu","MB",2020-11-21,45
"icu","MB",2020-11-22,52
"icu","MB",2020-11-23,52
"icu","MB",2020-11-24,47
"icu","MB",2020-11-25,50
"icu","MB",2020-11-26,46
"icu","MB",2020-11-27,45
"icu","MB",2020-11-28,44
"icu","MB",2020-11-29,44
"icu","MB",2020-11-30,43
"icu","MB",2020-12-01,48
"icu","MB",2020-12-02,51
"icu","MB",2020-12-03,52
"icu","MB",2020-12-04,55
"icu","MB",2020-12-05,51
"icu","MB",2020-12-06,43
"icu","MB",2020-12-07,39
"icu","MB",2020-12-08,38
"icu","MB",2020-12-09,38
"icu","MB",2020-12-10,43
"icu","MB",2020-12-11,40
"icu","MB",2020-12-12,42
"icu","MB",2020-12-13,43
"icu","MB",2020-12-14,47
"icu","MB",2020-12-15,52
"icu","MB",2020-12-16,53
"icu","MB",2020-12-17,48
"icu","MB",2020-12-18,50
"icu","MB",2020-12-19,50
"icu","MB",2020-12-20,50
"icu","MB",2020-12-21,49
"icu","MB",2020-12-22,44
"icu","MB",2020-12-23,44
"icu","MB",2020-12-24,41
"icu","MB",2020-12-25,41
"icu","MB",2020-12-26,41
"icu","MB",2020-12-27,35
"icu","MB",2020-12-28,37
"icu","MB",2020-12-29,36
"icu","MB",2020-12-30,36
"icu","MB",2020-12-31,37
"icu","MB",2021-01-01,37
"icu","MB",2021-01-02,42
"icu","MB",2021-01-03,41
"icu","MB",2021-01-04,41
"icu","MB",2021-01-05,40
"icu","MB",2021-01-06,37
"icu","MB",2021-01-07,35
"icu","MB",2021-01-08,35
"icu","MB",2021-01-09,37
"icu","MB",2021-01-10,36
"icu","MB",2021-01-11,37
"icu","MB",2021-01-12,35
"icu","MB",2021-01-13,36
"icu","MB",2021-01-14,37
"icu","MB",2021-01-15,35
"icu","MB",2021-01-16,36
"icu","MB",2021-01-17,39
"icu","MB",2021-01-18,35
"icu","MB",2021-01-19,37
"icu","MB",2021-01-20,36
"icu","MB",2021-01-21,34
"icu","MB",2021-01-22,33
"icu","MB",2021-01-23,34
"icu","MB",2021-01-24,36
"icu","MB",2021-01-25,30
"icu","MB",2021-01-26,32
"icu","MB",2021-01-27,36
"icu","MB",2021-01-28,37
"icu","MB",2021-01-29,39
"icu","MB",2021-01-30,39
"icu","MB",2021-01-31,39
"icu","NB",2020-01-25,0
"icu","NB",2020-01-26,0
"icu","NB",2020-01-27,0
"icu","NB",2020-01-28,0
"icu","NB",2020-01-29,0
"icu","NB",2020-01-30,0
"icu","NB",2020-01-31,0
"icu","NB",2020-02-01,0
"icu","NB",2020-02-02,0
"icu","NB",2020-02-03,0
"icu","NB",2020-02-04,0
"icu","NB",2020-02-05,0
"icu","NB",2020-02-06,0
"icu","NB",2020-02-07,0
"icu","NB",2020-02-08,0
"icu","NB",2020-02-09,0
"icu","NB",2020-02-10,0
"icu","NB",2020-02-11,0
"icu","NB",2020-02-12,0
"icu","NB",2020-02-13,0
"icu","NB",2020-02-14,0
"icu","NB",2020-02-15,0
"icu","NB",2020-02-16,0
"icu","NB",2020-02-17,0
"icu","NB",2020-02-18,0
"icu","NB",2020-02-19,0
"icu","NB",2020-02-20,0
"icu","NB",2020-02-21,0
"icu","NB",2020-02-22,0
"icu","NB",2020-02-23,0
"icu","NB",2020-02-24,0
"icu","NB",2020-02-25,0
"icu","NB",2020-02-26,0
"icu","NB",2020-02-27,0
"icu","NB",2020-02-28,0
"icu","NB",2020-02-29,0
"icu","NB",2020-03-01,0
"icu","NB",2020-03-02,0
"icu","NB",2020-03-03,0
"icu","NB",2020-03-04,0
"icu","NB",2020-03-05,0
"icu","NB",2020-03-06,0
"icu","NB",2020-03-07,0
"icu","NB",2020-03-08,0
"icu","NB",2020-03-09,0
"icu","NB",2020-03-10,0
"icu","NB",2020-03-11,0
"icu","NB",2020-03-12,0
"icu","NB",2020-03-13,0
"icu","NB",2020-03-14,0
"icu","NB",2020-03-15,0
"icu","NB",2020-03-16,0
"icu","NB",2020-03-17,0
"icu","NB",2020-03-18,0
"icu","NB",2020-03-19,0
"icu","NB",2020-03-20,0
"icu","NB",2020-03-21,0
"icu","NB",2020-03-22,0
"icu","NB",2020-03-23,0
"icu","NB",2020-03-24,0
"icu","NB",2020-03-25,0
"icu","NB",2020-03-26,0
"icu","NB",2020-03-27,0
"icu","NB",2020-03-28,0
"icu","NB",2020-03-29,0
"icu","NB",2020-03-30,0
"icu","NB",2020-03-31,0
"icu","NB",2020-04-01,0
"icu","NB",2020-04-02,1
"icu","NB",2020-04-03,1
"icu","NB",2020-04-04,1
"icu","NB",2020-04-05,1
"icu","NB",2020-04-06,3
"icu","NB",2020-04-07,4
"icu","NB",2020-04-08,4
"icu","NB",2020-04-09,4
"icu","NB",2020-04-10,3
"icu","NB",2020-04-11,3
"icu","NB",2020-04-12,3
"icu","NB",2020-04-13,3
"icu","NB",2020-04-14,3
"icu","NB",2020-04-15,3
"icu","NB",2020-04-16,3
"icu","NB",2020-04-17,3
"icu","NB",2020-04-18,3
"icu","NB",2020-04-19,3
"icu","NB",2020-04-20,2
"icu","NB",2020-04-21,1
"icu","NB",2020-04-22,1
"icu","NB",2020-04-23,1
"icu","NB",2020-04-24,1
"icu","NB",2020-04-25,0
"icu","NB",2020-04-26,0
"icu","NB",2020-04-27,0
"icu","NB",2020-04-28,0
"icu","NB",2020-04-29,0
"icu","NB",2020-04-30,0
"icu","NB",2020-05-01,0
"icu","NB",2020-05-02,0
"icu","NB",2020-05-03,0
"icu","NB",2020-05-04,0
"icu","NB",2020-05-05,0
"icu","NB",2020-05-06,0
"icu","NB",2020-05-07,0
"icu","NB",2020-05-08,0
"icu","NB",2020-05-09,0
"icu","NB",2020-05-10,0
"icu","NB",2020-05-11,0
"icu","NB",2020-05-12,0
"icu","NB",2020-05-13,0
"icu","NB",2020-05-14,0
"icu","NB",2020-05-15,0
"icu","NB",2020-05-16,0
"icu","NB",2020-05-17,0
"icu","NB",2020-05-18,0
"icu","NB",2020-05-19,0
"icu","NB",2020-05-20,0
"icu","NB",2020-05-21,0
"icu","NB",2020-05-22,0
"icu","NB",2020-05-23,0
"icu","NB",2020-05-24,0
"icu","NB",2020-05-25,0
"icu","NB",2020-05-26,0
"icu","NB",2020-05-27,0
"icu","NB",2020-05-28,0
"icu","NB",2020-05-29,2
"icu","NB",2020-05-30,0
"icu","NB",2020-05-31,1
"icu","NB",2020-06-01,1
"icu","NB",2020-06-02,1
"icu","NB",2020-06-03,1
"icu","NB",2020-06-04,1
"icu","NB",2020-06-05,1
"icu","NB",2020-06-06,0
"icu","NB",2020-06-07,0
"icu","NB",2020-06-08,0
"icu","NB",2020-06-09,1
"icu","NB",2020-06-10,1
"icu","NB",2020-06-11,1
"icu","NB",2020-06-12,1
"icu","NB",2020-06-13,1
"icu","NB",2020-06-14,1
"icu","NB",2020-06-15,1
"icu","NB",2020-06-16,1
"icu","NB",2020-06-17,1
"icu","NB",2020-06-18,1
"icu","NB",2020-06-19,1
"icu","NB",2020-06-20,1
"icu","NB",2020-06-21,1
"icu","NB",2020-06-22,1
"icu","NB",2020-06-23,1
"icu","NB",2020-06-24,1
"icu","NB",2020-06-25,1
"icu","NB",2020-06-26,1
"icu","NB",2020-06-27,1
"icu","NB",2020-06-28,1
"icu","NB",2020-06-29,1
"icu","NB",2020-06-30,1
"icu","NB",2020-07-01,2
"icu","NB",2020-07-02,2
"icu","NB",2020-07-03,1
"icu","NB",2020-07-04,0
"icu","NB",2020-07-05,0
"icu","NB",2020-07-06,0
"icu","NB",2020-07-07,0
"icu","NB",2020-07-08,0
"icu","NB",2020-07-09,0
"icu","NB",2020-07-10,0
"icu","NB",2020-07-11,0
"icu","NB",2020-07-12,0
"icu","NB",2020-07-13,0
"icu","NB",2020-07-14,0
"icu","NB",2020-07-15,0
"icu","NB",2020-07-16,0
"icu","NB",2020-07-17,0
"icu","NB",2020-07-18,0
"icu","NB",2020-07-19,0
"icu","NB",2020-07-20,0
"icu","NB",2020-07-21,0
"icu","NB",2020-07-22,0
"icu","NB",2020-07-23,0
"icu","NB",2020-07-24,0
"icu","NB",2020-07-25,0
"icu","NB",2020-07-26,0
"icu","NB",2020-07-27,0
"icu","NB",2020-07-28,0
"icu","NB",2020-07-29,0
"icu","NB",2020-07-30,0
"icu","NB",2020-07-31,0
"icu","NB",2020-08-01,0
"icu","NB",2020-08-02,0
"icu","NB",2020-08-03,0
"icu","NB",2020-08-04,0
"icu","NB",2020-08-05,0
"icu","NB",2020-08-06,0
"icu","NB",2020-08-07,0
"icu","NB",2020-08-08,0
"icu","NB",2020-08-09,0
"icu","NB",2020-08-10,0
"icu","NB",2020-08-11,0
"icu","NB",2020-08-12,0
"icu","NB",2020-08-13,0
"icu","NB",2020-08-14,0
"icu","NB",2020-08-15,0
"icu","NB",2020-08-16,0
"icu","NB",2020-08-17,0
"icu","NB",2020-08-18,0
"icu","NB",2020-08-19,0
"icu","NB",2020-08-20,0
"icu","NB",2020-08-21,0
"icu","NB",2020-08-22,0
"icu","NB",2020-08-23,0
"icu","NB",2020-08-24,0
"icu","NB",2020-08-25,0
"icu","NB",2020-08-26,0
"icu","NB",2020-08-27,0
"icu","NB",2020-08-28,0
"icu","NB",2020-08-29,0
"icu","NB",2020-08-30,0
"icu","NB",2020-08-31,0
"icu","NB",2020-09-01,0
"icu","NB",2020-09-02,0
"icu","NB",2020-09-03,0
"icu","NB",2020-09-04,0
"icu","NB",2020-09-05,0
"icu","NB",2020-09-06,0
"icu","NB",2020-09-07,0
"icu","NB",2020-09-08,0
"icu","NB",2020-09-09,0
"icu","NB",2020-09-10,0
"icu","NB",2020-09-11,0
"icu","NB",2020-09-12,0
"icu","NB",2020-09-13,0
"icu","NB",2020-09-14,0
"icu","NB",2020-09-15,0
"icu","NB",2020-09-16,0
"icu","NB",2020-09-17,0
"icu","NB",2020-09-18,0
"icu","NB",2020-09-19,0
"icu","NB",2020-09-20,0
"icu","NB",2020-09-21,0
"icu","NB",2020-09-22,0
"icu","NB",2020-09-23,0
"icu","NB",2020-09-24,0
"icu","NB",2020-09-25,0
"icu","NB",2020-09-26,0
"icu","NB",2020-09-27,0
"icu","NB",2020-09-28,0
"icu","NB",2020-09-29,0
"icu","NB",2020-09-30,0
"icu","NB",2020-10-01,0
"icu","NB",2020-10-02,0
"icu","NB",2020-10-03,0
"icu","NB",2020-10-04,0
"icu","NB",2020-10-05,0
"icu","NB",2020-10-06,0
"icu","NB",2020-10-07,0
"icu","NB",2020-10-08,1
"icu","NB",2020-10-09,0
"icu","NB",2020-10-10,1
"icu","NB",2020-10-11,1
"icu","NB",2020-10-12,1
"icu","NB",2020-10-13,1
"icu","NB",2020-10-14,1
"icu","NB",2020-10-15,1
"icu","NB",2020-10-16,1
"icu","NB",2020-10-17,1
"icu","NB",2020-10-18,1
"icu","NB",2020-10-19,1
"icu","NB",2020-10-20,1
"icu","NB",2020-10-21,1
"icu","NB",2020-10-22,1
"icu","NB",2020-10-23,1
"icu","NB",2020-10-24,1
"icu","NB",2020-10-25,0
"icu","NB",2020-10-26,0
"icu","NB",2020-10-27,0
"icu","NB",2020-10-28,0
"icu","NB",2020-10-29,0
"icu","NB",2020-10-30,0
"icu","NB",2020-10-31,0
"icu","NB",2020-11-01,1
"icu","NB",2020-11-02,1
"icu","NB",2020-11-03,1
"icu","NB",2020-11-04,0
"icu","NB",2020-11-05,0
"icu","NB",2020-11-06,0
"icu","NB",2020-11-07,0
"icu","NB",2020-11-08,0
"icu","NB",2020-11-09,0
"icu","NB",2020-11-10,0
"icu","NB",2020-11-11,0
"icu","NB",2020-11-12,1
"icu","NB",2020-11-13,1
"icu","NB",2020-11-14,1
"icu","NB",2020-11-15,1
"icu","NB",2020-11-16,0
"icu","NB",2020-11-17,0
"icu","NB",2020-11-18,0
"icu","NB",2020-11-19,0
"icu","NB",2020-11-20,0
"icu","NB",2020-11-21,0
"icu","NB",2020-11-22,0
"icu","NB",2020-11-23,0
"icu","NB",2020-11-24,0
"icu","NB",2020-11-25,0
"icu","NB",2020-11-26,0
"icu","NB",2020-11-27,0
"icu","NB",2020-11-28,0
"icu","NB",2020-11-29,0
"icu","NB",2020-11-30,0
"icu","NB",2020-12-01,0
"icu","NB",2020-12-02,0
"icu","NB",2020-12-03,0
"icu","NB",2020-12-04,0
"icu","NB",2020-12-05,1
"icu","NB",2020-12-06,1
"icu","NB",2020-12-07,2
"icu","NB",2020-12-08,3
"icu","NB",2020-12-09,3
"icu","NB",2020-12-10,3
"icu","NB",2020-12-11,3
"icu","NB",2020-12-12,3
"icu","NB",2020-12-13,2
"icu","NB",2020-12-14,2
"icu","NB",2020-12-15,2
"icu","NB",2020-12-16,2
"icu","NB",2020-12-17,2
"icu","NB",2020-12-18,2
"icu","NB",2020-12-19,1
"icu","NB",2020-12-20,1
"icu","NB",2020-12-21,1
"icu","NB",2020-12-22,1
"icu","NB",2020-12-23,1
"icu","NB",2020-12-24,1
"icu","NB",2020-12-25,1
"icu","NB",2020-12-26,1
"icu","NB",2020-12-27,1
"icu","NB",2020-12-28,2
"icu","NB",2020-12-29,2
"icu","NB",2020-12-30,1
"icu","NB",2020-12-31,1
"icu","NB",2021-01-01,1
"icu","NB",2021-01-02,1
"icu","NB",2021-01-03,1
"icu","NB",2021-01-04,1
"icu","NB",2021-01-05,1
"icu","NB",2021-01-06,1
"icu","NB",2021-01-07,1
"icu","NB",2021-01-08,0
"icu","NB",2021-01-09,0
"icu","NB",2021-01-10,0
"icu","NB",2021-01-11,0
"icu","NB",2021-01-12,0
"icu","NB",2021-01-13,0
"icu","NB",2021-01-14,0
"icu","NB",2021-01-15,1
"icu","NB",2021-01-16,0
"icu","NB",2021-01-17,0
"icu","NB",2021-01-18,0
"icu","NB",2021-01-19,0
"icu","NB",2021-01-20,1
"icu","NB",2021-01-21,2
"icu","NB",2021-01-22,3
"icu","NB",2021-01-23,3
"icu","NB",2021-01-24,2
"icu","NB",2021-01-25,3
"icu","NB",2021-01-26,3
"icu","NB",2021-01-27,2
"icu","NB",2021-01-28,2
"icu","NB",2021-01-29,2
"icu","NB",2021-01-30,2
"icu","NB",2021-01-31,2
"icu","NL",2020-01-25,0
"icu","NL",2020-01-26,0
"icu","NL",2020-01-27,0
"icu","NL",2020-01-28,0
"icu","NL",2020-01-29,0
"icu","NL",2020-01-30,0
"icu","NL",2020-01-31,0
"icu","NL",2020-02-01,0
"icu","NL",2020-02-02,0
"icu","NL",2020-02-03,0
"icu","NL",2020-02-04,0
"icu","NL",2020-02-05,0
"icu","NL",2020-02-06,0
"icu","NL",2020-02-07,0
"icu","NL",2020-02-08,0
"icu","NL",2020-02-09,0
"icu","NL",2020-02-10,0
"icu","NL",2020-02-11,0
"icu","NL",2020-02-12,0
"icu","NL",2020-02-13,0
"icu","NL",2020-02-14,0
"icu","NL",2020-02-15,0
"icu","NL",2020-02-16,0
"icu","NL",2020-02-17,0
"icu","NL",2020-02-18,0
"icu","NL",2020-02-19,0
"icu","NL",2020-02-20,0
"icu","NL",2020-02-21,0
"icu","NL",2020-02-22,0
"icu","NL",2020-02-23,0
"icu","NL",2020-02-24,0
"icu","NL",2020-02-25,0
"icu","NL",2020-02-26,0
"icu","NL",2020-02-27,0
"icu","NL",2020-02-28,0
"icu","NL",2020-02-29,0
"icu","NL",2020-03-01,0
"icu","NL",2020-03-02,0
"icu","NL",2020-03-03,0
"icu","NL",2020-03-04,0
"icu","NL",2020-03-05,0
"icu","NL",2020-03-06,0
"icu","NL",2020-03-07,0
"icu","NL",2020-03-08,0
"icu","NL",2020-03-09,0
"icu","NL",2020-03-10,0
"icu","NL",2020-03-11,0
"icu","NL",2020-03-12,0
"icu","NL",2020-03-13,0
"icu","NL",2020-03-14,0
"icu","NL",2020-03-15,0
"icu","NL",2020-03-16,0
"icu","NL",2020-03-17,0
"icu","NL",2020-03-18,0
"icu","NL",2020-03-19,0
"icu","NL",2020-03-20,0
"icu","NL",2020-03-21,0
"icu","NL",2020-03-22,0
"icu","NL",2020-03-23,0
"icu","NL",2020-03-24,0
"icu","NL",2020-03-25,0
"icu","NL",2020-03-26,0
"icu","NL",2020-03-27,0
"icu","NL",2020-03-28,0
"icu","NL",2020-03-29,2
"icu","NL",2020-03-30,2
"icu","NL",2020-03-31,2
"icu","NL",2020-04-01,3
"icu","NL",2020-04-02,4
"icu","NL",2020-04-03,4
"icu","NL",2020-04-04,3
"icu","NL",2020-04-05,3
"icu","NL",2020-04-06,2
"icu","NL",2020-04-07,2
"icu","NL",2020-04-08,2
"icu","NL",2020-04-09,2
"icu","NL",2020-04-10,2
"icu","NL",2020-04-11,2
"icu","NL",2020-04-12,3
"icu","NL",2020-04-13,3
"icu","NL",2020-04-14,3
"icu","NL",2020-04-15,3
"icu","NL",2020-04-16,3
"icu","NL",2020-04-17,3
"icu","NL",2020-04-18,3
"icu","NL",2020-04-19,3
"icu","NL",2020-04-20,2
"icu","NL",2020-04-21,2
"icu","NL",2020-04-22,2
"icu","NL",2020-04-23,2
"icu","NL",2020-04-24,2
"icu","NL",2020-04-25,2
"icu","NL",2020-04-26,2
"icu","NL",2020-04-27,2
"icu","NL",2020-04-28,2
"icu","NL",2020-04-29,2
"icu","NL",2020-04-30,2
"icu","NL",2020-05-01,1
"icu","NL",2020-05-02,1
"icu","NL",2020-05-03,2
"icu","NL",2020-05-04,2
"icu","NL",2020-05-05,2
"icu","NL",2020-05-06,2
"icu","NL",2020-05-07,2
"icu","NL",2020-05-08,2
"icu","NL",2020-05-09,2
"icu","NL",2020-05-10,2
"icu","NL",2020-05-11,2
"icu","NL",2020-05-12,1
"icu","NL",2020-05-13,1
"icu","NL",2020-05-14,1
"icu","NL",2020-05-15,1
"icu","NL",2020-05-16,1
"icu","NL",2020-05-17,1
"icu","NL",2020-05-18,1
"icu","NL",2020-05-19,1
"icu","NL",2020-05-20,1
"icu","NL",2020-05-21,1
"icu","NL",2020-05-22,1
"icu","NL",2020-05-23,1
"icu","NL",2020-05-24,1
"icu","NL",2020-05-25,1
"icu","NL",2020-05-26,0
"icu","NL",2020-05-27,1
"icu","NL",2020-05-28,1
"icu","NL",2020-05-29,1
"icu","NL",2020-05-30,1
"icu","NL",2020-05-31,0
"icu","NL",2020-06-01,0
"icu","NL",2020-06-02,0
"icu","NL",2020-06-03,0
"icu","NL",2020-06-04,0
"icu","NL",2020-06-05,0
"icu","NL",2020-06-06,0
"icu","NL",2020-06-07,0
"icu","NL",2020-06-08,0
"icu","NL",2020-06-09,0
"icu","NL",2020-06-10,0
"icu","NL",2020-06-11,0
"icu","NL",2020-06-12,0
"icu","NL",2020-06-13,0
"icu","NL",2020-06-14,0
"icu","NL",2020-06-15,0
"icu","NL",2020-06-16,0
"icu","NL",2020-06-17,0
"icu","NL",2020-06-18,0
"icu","NL",2020-06-19,0
"icu","NL",2020-06-20,0
"icu","NL",2020-06-21,0
"icu","NL",2020-06-22,0
"icu","NL",2020-06-23,0
"icu","NL",2020-06-24,0
"icu","NL",2020-06-25,0
"icu","NL",2020-06-26,0
"icu","NL",2020-06-27,0
"icu","NL",2020-06-28,0
"icu","NL",2020-06-29,0
"icu","NL",2020-06-30,0
"icu","NL",2020-07-01,0
"icu","NL",2020-07-02,0
"icu","NL",2020-07-03,0
"icu","NL",2020-07-04,0
"icu","NL",2020-07-05,0
"icu","NL",2020-07-06,0
"icu","NL",2020-07-07,0
"icu","NL",2020-07-08,0
"icu","NL",2020-07-09,0
"icu","NL",2020-07-10,0
"icu","NL",2020-07-11,0
"icu","NL",2020-07-12,0
"icu","NL",2020-07-13,0
"icu","NL",2020-07-14,0
"icu","NL",2020-07-15,0
"icu","NL",2020-07-16,0
"icu","NL",2020-07-17,0
"icu","NL",2020-07-18,0
"icu","NL",2020-07-19,0
"icu","NL",2020-07-20,0
"icu","NL",2020-07-21,0
"icu","NL",2020-07-22,0
"icu","NL",2020-07-23,0
"icu","NL",2020-07-24,0
"icu","NL",2020-07-25,0
"icu","NL",2020-07-26,0
"icu","NL",2020-07-27,0
"icu","NL",2020-07-28,0
"icu","NL",2020-07-29,0
"icu","NL",2020-07-30,0
"icu","NL",2020-07-31,0
"icu","NL",2020-08-01,0
"icu","NL",2020-08-02,0
"icu","NL",2020-08-03,0
"icu","NL",2020-08-04,0
"icu","NL",2020-08-05,0
"icu","NL",2020-08-06,0
"icu","NL",2020-08-07,0
"icu","NL",2020-08-08,0
"icu","NL",2020-08-09,0
"icu","NL",2020-08-10,0
"icu","NL",2020-08-11,0
"icu","NL",2020-08-12,0
"icu","NL",2020-08-13,0
"icu","NL",2020-08-14,0
"icu","NL",2020-08-15,0
"icu","NL",2020-08-16,0
"icu","NL",2020-08-17,0
"icu","NL",2020-08-18,0
"icu","NL",2020-08-19,0
"icu","NL",2020-08-20,0
"icu","NL",2020-08-21,0
"icu","NL",2020-08-22,0
"icu","NL",2020-08-23,0
"icu","NL",2020-08-24,0
"icu","NL",2020-08-25,0
"icu","NL",2020-08-26,0
"icu","NL",2020-08-27,0
"icu","NL",2020-08-28,0
"icu","NL",2020-08-29,0
"icu","NL",2020-08-30,0
"icu","NL",2020-08-31,0
"icu","NL",2020-09-01,0
"icu","NL",2020-09-02,0
"icu","NL",2020-09-03,0
"icu","NL",2020-09-04,0
"icu","NL",2020-09-05,0
"icu","NL",2020-09-06,0
"icu","NL",2020-09-07,0
"icu","NL",2020-09-08,0
"icu","NL",2020-09-09,0
"icu","NL",2020-09-10,0
"icu","NL",2020-09-11,0
"icu","NL",2020-09-12,0
"icu","NL",2020-09-13,0
"icu","NL",2020-09-14,0
"icu","NL",2020-09-15,0
"icu","NL",2020-09-16,0
"icu","NL",2020-09-17,0
"icu","NL",2020-09-18,0
"icu","NL",2020-09-19,0
"icu","NL",2020-09-20,0
"icu","NL",2020-09-21,0
"icu","NL",2020-09-22,0
"icu","NL",2020-09-23,0
"icu","NL",2020-09-24,0
"icu","NL",2020-09-25,0
"icu","NL",2020-09-26,0
"icu","NL",2020-09-27,0
"icu","NL",2020-09-28,0
"icu","NL",2020-09-29,0
"icu","NL",2020-09-30,0
"icu","NL",2020-10-01,0
"icu","NL",2020-10-02,0
"icu","NL",2020-10-03,0
"icu","NL",2020-10-04,0
"icu","NL",2020-10-05,0
"icu","NL",2020-10-06,0
"icu","NL",2020-10-07,0
"icu","NL",2020-10-08,0
"icu","NL",2020-10-09,0
"icu","NL",2020-10-10,0
"icu","NL",2020-10-11,0
"icu","NL",2020-10-12,0
"icu","NL",2020-10-13,0
"icu","NL",2020-10-14,0
"icu","NL",2020-10-15,0
"icu","NL",2020-10-16,0
"icu","NL",2020-10-17,0
"icu","NL",2020-10-18,0
"icu","NL",2020-10-19,0
"icu","NL",2020-10-20,0
"icu","NL",2020-10-21,0
"icu","NL",2020-10-22,0
"icu","NL",2020-10-23,0
"icu","NL",2020-10-24,0
"icu","NL",2020-10-25,0
"icu","NL",2020-10-26,0
"icu","NL",2020-10-27,0
"icu","NL",2020-10-28,0
"icu","NL",2020-10-29,0
"icu","NL",2020-10-30,0
"icu","NL",2020-10-31,0
"icu","NL",2020-11-01,0
"icu","NL",2020-11-02,0
"icu","NL",2020-11-03,0
"icu","NL",2020-11-04,0
"icu","NL",2020-11-05,0
"icu","NL",2020-11-06,0
"icu","NL",2020-11-07,0
"icu","NL",2020-11-08,0
"icu","NL",2020-11-09,0
"icu","NL",2020-11-10,0
"icu","NL",2020-11-11,0
"icu","NL",2020-11-12,0
"icu","NL",2020-11-13,0
"icu","NL",2020-11-14,0
"icu","NL",2020-11-15,0
"icu","NL",2020-11-16,0
"icu","NL",2020-11-17,0
"icu","NL",2020-11-18,0
"icu","NL",2020-11-19,0
"icu","NL",2020-11-20,0
"icu","NL",2020-11-21,0
"icu","NL",2020-11-22,0
"icu","NL",2020-11-23,0
"icu","NL",2020-11-24,0
"icu","NL",2020-11-25,0
"icu","NL",2020-11-26,0
"icu","NL",2020-11-27,0
"icu","NL",2020-11-28,0
"icu","NL",2020-11-29,0
"icu","NL",2020-11-30,0
"icu","NL",2020-12-01,0
"icu","NL",2020-12-02,0
"icu","NL",2020-12-03,0
"icu","NL",2020-12-04,0
"icu","NL",2020-12-05,0
"icu","NL",2020-12-06,0
"icu","NL",2020-12-07,0
"icu","NL",2020-12-08,0
"icu","NL",2020-12-09,0
"icu","NL",2020-12-10,0
"icu","NL",2020-12-11,0
"icu","NL",2020-12-12,0
"icu","NL",2020-12-13,0
"icu","NL",2020-12-14,0
"icu","NL",2020-12-15,0
"icu","NL",2020-12-16,0
"icu","NL",2020-12-17,1
"icu","NL",2020-12-18,1
"icu","NL",2020-12-19,1
"icu","NL",2020-12-20,1
"icu","NL",2020-12-21,1
"icu","NL",2020-12-22,1
"icu","NL",2020-12-23,1
"icu","NL",2020-12-24,1
"icu","NL",2020-12-25,1
"icu","NL",2020-12-26,1
"icu","NL",2020-12-27,1
"icu","NL",2020-12-28,1
"icu","NL",2020-12-29,1
"icu","NL",2020-12-30,1
"icu","NL",2020-12-31,1
"icu","NL",2021-01-01,1
"icu","NL",2021-01-02,1
"icu","NL",2021-01-03,1
"icu","NL",2021-01-04,1
"icu","NL",2021-01-05,1
"icu","NL",2021-01-06,1
"icu","NL",2021-01-07,1
"icu","NL",2021-01-08,1
"icu","NL",2021-01-09,1
"icu","NL",2021-01-10,1
"icu","NL",2021-01-11,1
"icu","NL",2021-01-12,1
"icu","NL",2021-01-13,1
"icu","NL",2021-01-14,1
"icu","NL",2021-01-15,1
"icu","NL",2021-01-16,1
"icu","NL",2021-01-17,1
"icu","NL",2021-01-18,1
"icu","NL",2021-01-19,1
"icu","NL",2021-01-20,1
"icu","NL",2021-01-21,1
"icu","NL",2021-01-22,1
"icu","NL",2021-01-23,1
"icu","NL",2021-01-24,1
"icu","NL",2021-01-25,1
"icu","NL",2021-01-26,1
"icu","NL",2021-01-27,1
"icu","NL",2021-01-28,1
"icu","NL",2021-01-29,1
"icu","NL",2021-01-30,1
"icu","NL",2021-01-31,1
"icu","NS",2020-01-25,0
"icu","NS",2020-01-26,0
"icu","NS",2020-01-27,0
"icu","NS",2020-01-28,0
"icu","NS",2020-01-29,0
"icu","NS",2020-01-30,0
"icu","NS",2020-01-31,0
"icu","NS",2020-02-01,0
"icu","NS",2020-02-02,0
"icu","NS",2020-02-03,0
"icu","NS",2020-02-04,0
"icu","NS",2020-02-05,0
"icu","NS",2020-02-06,0
"icu","NS",2020-02-07,0
"icu","NS",2020-02-08,0
"icu","NS",2020-02-09,0
"icu","NS",2020-02-10,0
"icu","NS",2020-02-11,0
"icu","NS",2020-02-12,0
"icu","NS",2020-02-13,0
"icu","NS",2020-02-14,0
"icu","NS",2020-02-15,0
"icu","NS",2020-02-16,0
"icu","NS",2020-02-17,0
"icu","NS",2020-02-18,0
"icu","NS",2020-02-19,0
"icu","NS",2020-02-20,0
"icu","NS",2020-02-21,0
"icu","NS",2020-02-22,0
"icu","NS",2020-02-23,0
"icu","NS",2020-02-24,0
"icu","NS",2020-02-25,0
"icu","NS",2020-02-26,0
"icu","NS",2020-02-27,0
"icu","NS",2020-02-28,0
"icu","NS",2020-02-29,0
"icu","NS",2020-03-01,0
"icu","NS",2020-03-02,0
"icu","NS",2020-03-03,0
"icu","NS",2020-03-04,0
"icu","NS",2020-03-05,0
"icu","NS",2020-03-06,0
"icu","NS",2020-03-07,0
"icu","NS",2020-03-08,0
"icu","NS",2020-03-09,0
"icu","NS",2020-03-10,0
"icu","NS",2020-03-11,0
"icu","NS",2020-03-12,0
"icu","NS",2020-03-13,0
"icu","NS",2020-03-14,0
"icu","NS",2020-03-15,0
"icu","NS",2020-03-16,0
"icu","NS",2020-03-17,0
"icu","NS",2020-03-18,0
"icu","NS",2020-03-19,0
"icu","NS",2020-03-20,0
"icu","NS",2020-03-21,0
"icu","NS",2020-03-22,0
"icu","NS",2020-03-23,0
"icu","NS",2020-03-24,0
"icu","NS",2020-03-25,0
"icu","NS",2020-03-26,0
"icu","NS",2020-03-27,0
"icu","NS",2020-03-28,0
"icu","NS",2020-03-29,0
"icu","NS",2020-03-30,0
"icu","NS",2020-03-31,0
"icu","NS",2020-04-01,0
"icu","NS",2020-04-02,0
"icu","NS",2020-04-03,0
"icu","NS",2020-04-04,0
"icu","NS",2020-04-05,0
"icu","NS",2020-04-06,0
"icu","NS",2020-04-07,0
"icu","NS",2020-04-08,5
"icu","NS",2020-04-09,4
"icu","NS",2020-04-10,4
"icu","NS",2020-04-11,4
"icu","NS",2020-04-12,4
"icu","NS",2020-04-13,4
"icu","NS",2020-04-14,4
"icu","NS",2020-04-15,4
"icu","NS",2020-04-16,4
"icu","NS",2020-04-17,5
"icu","NS",2020-04-18,5
"icu","NS",2020-04-19,4
"icu","NS",2020-04-20,4
"icu","NS",2020-04-21,3
"icu","NS",2020-04-22,3
"icu","NS",2020-04-23,4
"icu","NS",2020-04-24,3
"icu","NS",2020-04-25,3
"icu","NS",2020-04-26,3
"icu","NS",2020-04-27,3
"icu","NS",2020-04-28,3
"icu","NS",2020-04-29,3
"icu","NS",2020-04-30,3
"icu","NS",2020-05-01,3
"icu","NS",2020-05-02,3
"icu","NS",2020-05-03,3
"icu","NS",2020-05-04,2
"icu","NS",2020-05-05,2
"icu","NS",2020-05-06,2
"icu","NS",2020-05-07,2
"icu","NS",2020-05-08,2
"icu","NS",2020-05-09,2
"icu","NS",2020-05-10,3
"icu","NS",2020-05-11,3
"icu","NS",2020-05-12,4
"icu","NS",2020-05-13,4
"icu","NS",2020-05-14,4
"icu","NS",2020-05-15,5
"icu","NS",2020-05-16,4
"icu","NS",2020-05-17,4
"icu","NS",2020-05-18,4
"icu","NS",2020-05-19,5
"icu","NS",2020-05-20,4
"icu","NS",2020-05-21,4
"icu","NS",2020-05-22,4
"icu","NS",2020-05-23,3
"icu","NS",2020-05-24,3
"icu","NS",2020-05-25,3
"icu","NS",2020-05-26,3
"icu","NS",2020-05-27,3
"icu","NS",2020-05-28,3
"icu","NS",2020-05-29,3
"icu","NS",2020-05-30,2
"icu","NS",2020-05-31,2
"icu","NS",2020-06-01,2
"icu","NS",2020-06-02,2
"icu","NS",2020-06-03,1
"icu","NS",2020-06-04,1
"icu","NS",2020-06-05,2
"icu","NS",2020-06-06,2
"icu","NS",2020-06-07,2
"icu","NS",2020-06-08,2
"icu","NS",2020-06-09,2
"icu","NS",2020-06-10,2
"icu","NS",2020-06-11,1
"icu","NS",2020-06-12,1
"icu","NS",2020-06-13,1
"icu","NS",2020-06-14,1
"icu","NS",2020-06-15,1
"icu","NS",2020-06-16,1
"icu","NS",2020-06-17,1
"icu","NS",2020-06-18,1
"icu","NS",2020-06-19,1
"icu","NS",2020-06-20,1
"icu","NS",2020-06-21,1
"icu","NS",2020-06-22,0
"icu","NS",2020-06-23,1
"icu","NS",2020-06-24,1
"icu","NS",2020-06-25,0
"icu","NS",2020-06-26,0
"icu","NS",2020-06-27,0
"icu","NS",2020-06-28,0
"icu","NS",2020-06-29,0
"icu","NS",2020-06-30,0
"icu","NS",2020-07-01,0
"icu","NS",2020-07-02,0
"icu","NS",2020-07-03,0
"icu","NS",2020-07-04,0
"icu","NS",2020-07-05,0
"icu","NS",2020-07-06,0
"icu","NS",2020-07-07,0
"icu","NS",2020-07-08,0
"icu","NS",2020-07-09,0
"icu","NS",2020-07-10,0
"icu","NS",2020-07-11,0
"icu","NS",2020-07-12,0
"icu","NS",2020-07-13,0
"icu","NS",2020-07-14,0
"icu","NS",2020-07-15,0
"icu","NS",2020-07-16,0
"icu","NS",2020-07-17,0
"icu","NS",2020-07-18,0
"icu","NS",2020-07-19,0
"icu","NS",2020-07-20,0
"icu","NS",2020-07-21,0
"icu","NS",2020-07-22,0
"icu","NS",2020-07-23,0
"icu","NS",2020-07-24,0
"icu","NS",2020-07-25,0
"icu","NS",2020-07-26,0
"icu","NS",2020-07-27,0
"icu","NS",2020-07-28,0
"icu","NS",2020-07-29,0
"icu","NS",2020-07-30,0
"icu","NS",2020-07-31,0
"icu","NS",2020-08-01,0
"icu","NS",2020-08-02,0
"icu","NS",2020-08-03,0
"icu","NS",2020-08-04,0
"icu","NS",2020-08-05,0
"icu","NS",2020-08-06,0
"icu","NS",2020-08-07,0
"icu","NS",2020-08-08,0
"icu","NS",2020-08-09,0
"icu","NS",2020-08-10,0
"icu","NS",2020-08-11,0
"icu","NS",2020-08-12,0
"icu","NS",2020-08-13,0
"icu","NS",2020-08-14,0
"icu","NS",2020-08-15,0
"icu","NS",2020-08-16,0
"icu","NS",2020-08-17,0
"icu","NS",2020-08-18,0
"icu","NS",2020-08-19,0
"icu","NS",2020-08-20,0
"icu","NS",2020-08-21,0
"icu","NS",2020-08-22,0
"icu","NS",2020-08-23,0
"icu","NS",2020-08-24,0
"icu","NS",2020-08-25,0
"icu","NS",2020-08-26,0
"icu","NS",2020-08-27,0
"icu","NS",2020-08-28,0
"icu","NS",2020-08-29,0
"icu","NS",2020-08-30,0
"icu","NS",2020-08-31,0
"icu","NS",2020-09-01,0
"icu","NS",2020-09-02,0
"icu","NS",2020-09-03,0
"icu","NS",2020-09-04,0
"icu","NS",2020-09-05,0
"icu","NS",2020-09-06,0
"icu","NS",2020-09-07,0
"icu","NS",2020-09-08,0
"icu","NS",2020-09-09,0
"icu","NS",2020-09-10,0
"icu","NS",2020-09-11,0
"icu","NS",2020-09-12,0
"icu","NS",2020-09-13,0
"icu","NS",2020-09-14,0
"icu","NS",2020-09-15,0
"icu","NS",2020-09-16,0
"icu","NS",2020-09-17,0
"icu","NS",2020-09-18,0
"icu","NS",2020-09-19,0
"icu","NS",2020-09-20,0
"icu","NS",2020-09-21,0
"icu","NS",2020-09-22,1
"icu","NS",2020-09-23,1
"icu","NS",2020-09-24,1
"icu","NS",2020-09-25,1
"icu","NS",2020-09-26,1
"icu","NS",2020-09-27,1
"icu","NS",2020-09-28,1
"icu","NS",2020-09-29,1
"icu","NS",2020-09-30,1
"icu","NS",2020-10-01,1
"icu","NS",2020-10-02,1
"icu","NS",2020-10-03,1
"icu","NS",2020-10-04,1
"icu","NS",2020-10-05,1
"icu","NS",2020-10-06,1
"icu","NS",2020-10-07,1
"icu","NS",2020-10-08,1
"icu","NS",2020-10-09,1
"icu","NS",2020-10-10,1
"icu","NS",2020-10-11,1
"icu","NS",2020-10-12,1
"icu","NS",2020-10-13,1
"icu","NS",2020-10-14,1
"icu","NS",2020-10-15,1
"icu","NS",2020-10-16,0
"icu","NS",2020-10-17,0
"icu","NS",2020-10-18,0
"icu","NS",2020-10-19,0
"icu","NS",2020-10-20,0
"icu","NS",2020-10-21,0
"icu","NS",2020-10-22,0
"icu","NS",2020-10-23,0
"icu","NS",2020-10-24,0
"icu","NS",2020-10-25,0
"icu","NS",2020-10-26,0
"icu","NS",2020-10-27,0
"icu","NS",2020-10-28,0
"icu","NS",2020-10-29,0
"icu","NS",2020-10-30,0
"icu","NS",2020-10-31,0
"icu","NS",2020-11-01,0
"icu","NS",2020-11-02,0
"icu","NS",2020-11-03,0
"icu","NS",2020-11-04,0
"icu","NS",2020-11-05,0
"icu","NS",2020-11-06,0
"icu","NS",2020-11-07,0
"icu","NS",2020-11-08,0
"icu","NS",2020-11-09,0
"icu","NS",2020-11-10,0
"icu","NS",2020-11-11,0
"icu","NS",2020-11-12,0
"icu","NS",2020-11-13,0
"icu","NS",2020-11-14,0
"icu","NS",2020-11-15,0
"icu","NS",2020-11-16,0
"icu","NS",2020-11-17,0
"icu","NS",2020-11-18,0
"icu","NS",2020-11-19,0
"icu","NS",2020-11-20,0
"icu","NS",2020-11-21,0
"icu","NS",2020-11-22,0
"icu","NS",2020-11-23,0
"icu","NS",2020-11-24,0
"icu","NS",2020-11-25,0
"icu","NS",2020-11-26,0
"icu","NS",2020-11-27,0
"icu","NS",2020-11-28,0
"icu","NS",2020-11-29,0
"icu","NS",2020-11-30,0
"icu","NS",2020-12-01,0
"icu","NS",2020-12-02,0
"icu","NS",2020-12-03,0
"icu","NS",2020-12-04,0
"icu","NS",2020-12-05,0
"icu","NS",2020-12-06,0
"icu","NS",2020-12-07,0
"icu","NS",2020-12-08,0
"icu","NS",2020-12-09,0
"icu","NS",2020-12-10,0
"icu","NS",2020-12-11,0
"icu","NS",2020-12-12,0
"icu","NS",2020-12-13,0
"icu","NS",2020-12-14,0
"icu","NS",2020-12-15,0
"icu","NS",2020-12-16,0
"icu","NS",2020-12-17,0
"icu","NS",2020-12-18,0
"icu","NS",2020-12-19,0
"icu","NS",2020-12-20,0
"icu","NS",2020-12-21,0
"icu","NS",2020-12-22,0
"icu","NS",2020-12-23,0
"icu","NS",2020-12-24,0
"icu","NS",2020-12-25,0
"icu","NS",2020-12-26,0
"icu","NS",2020-12-27,0
"icu","NS",2020-12-28,0
"icu","NS",2020-12-29,0
"icu","NS",2020-12-30,0
"icu","NS",2020-12-31,0
"icu","NS",2021-01-01,0
"icu","NS",2021-01-02,0
"icu","NS",2021-01-03,0
"icu","NS",2021-01-04,0
"icu","NS",2021-01-05,0
"icu","NS",2021-01-06,0
"icu","NS",2021-01-07,0
"icu","NS",2021-01-08,0
"icu","NS",2021-01-09,0
"icu","NS",2021-01-10,0
"icu","NS",2021-01-11,0
"icu","NS",2021-01-12,0
"icu","NS",2021-01-13,0
"icu","NS",2021-01-14,0
"icu","NS",2021-01-15,0
"icu","NS",2021-01-16,0
"icu","NS",2021-01-17,0
"icu","NS",2021-01-18,0
"icu","NS",2021-01-19,0
"icu","NS",2021-01-20,0
"icu","NS",2021-01-21,0
"icu","NS",2021-01-22,0
"icu","NS",2021-01-23,0
"icu","NS",2021-01-24,0
"icu","NS",2021-01-25,0
"icu","NS",2021-01-26,0
"icu","NS",2021-01-27,0
"icu","NS",2021-01-28,0
"icu","NS",2021-01-29,0
"icu","NS",2021-01-30,1
"icu","NS",2021-01-31,1
"icu","ON",2020-04-02,167
"icu","ON",2020-04-03,194
"icu","ON",2020-04-04,190
"icu","ON",2020-04-05,200
"icu","ON",2020-04-06,216
"icu","ON",2020-04-07,233
"icu","ON",2020-04-08,246
"icu","ON",2020-04-09,264
"icu","ON",2020-04-10,260
"icu","ON",2020-04-11,257
"icu","ON",2020-04-12,261
"icu","ON",2020-04-13,263
"icu","ON",2020-04-14,255
"icu","ON",2020-04-15,254
"icu","ON",2020-04-16,248
"icu","ON",2020-04-17,245
"icu","ON",2020-04-18,250
"icu","ON",2020-04-19,247
"icu","ON",2020-04-20,247
"icu","ON",2020-04-21,250
"icu","ON",2020-04-22,243
"icu","ON",2020-04-23,233
"icu","ON",2020-04-24,243
"icu","ON",2020-04-25,245
"icu","ON",2020-04-26,252
"icu","ON",2020-04-27,241
"icu","ON",2020-04-28,239
"icu","ON",2020-04-29,235
"icu","ON",2020-04-30,233
"icu","ON",2020-05-01,244
"icu","ON",2020-05-02,236
"icu","ON",2020-05-03,246
"icu","ON",2020-05-04,243
"icu","ON",2020-05-05,243
"icu","ON",2020-05-06,240
"icu","ON",2020-05-07,234
"icu","ON",2020-05-08,230
"icu","ON",2020-05-09,218
"icu","ON",2020-05-10,211
"icu","ON",2020-05-11,215
"icu","ON",2020-05-12,211
"icu","ON",2020-05-13,207
"icu","ON",2020-05-14,201
"icu","ON",2020-05-15,194
"icu","ON",2020-05-16,196
"icu","ON",2020-05-17,188
"icu","ON",2020-05-18,190
"icu","ON",2020-05-19,192
"icu","ON",2020-05-20,185
"icu","ON",2020-05-21,181
"icu","ON",2020-05-22,176
"icu","ON",2020-05-23,175
"icu","ON",2020-05-24,176
"icu","ON",2020-05-25,175
"icu","ON",2020-05-26,172
"icu","ON",2020-05-27,173
"icu","ON",2020-05-28,163
"icu","ON",2020-05-29,159
"icu","ON",2020-05-30,155
"icu","ON",2020-05-31,156
"icu","ON",2020-06-01,161
"icu","ON",2020-06-02,160
"icu","ON",2020-06-03,158
"icu","ON",2020-06-04,152
"icu","ON",2020-06-05,149
"icu","ON",2020-06-06,146
"icu","ON",2020-06-07,142
"icu","ON",2020-06-08,143
"icu","ON",2020-06-09,141
"icu","ON",2020-06-10,144
"icu","ON",2020-06-11,145
"icu","ON",2020-06-12,140
"icu","ON",2020-06-13,136
"icu","ON",2020-06-14,128
"icu","ON",2020-06-15,129
"icu","ON",2020-06-16,126
"icu","ON",2020-06-17,118
"icu","ON",2020-06-18,111
"icu","ON",2020-06-19,108
"icu","ON",2020-06-20,108
"icu","ON",2020-06-21,114
"icu","ON",2020-06-22,107
"icu","ON",2020-06-23,106
"icu","ON",2020-06-24,101
"icu","ON",2020-06-25,97
"icu","ON",2020-06-26,92
"icu","ON",2020-06-27,87
"icu","ON",2020-06-28,86
"icu","ON",2020-06-29,82
"icu","ON",2020-06-30,74
"icu","ON",2020-07-01,70
"icu","ON",2020-07-02,71
"icu","ON",2020-07-03,70
"icu","ON",2020-07-04,70
"icu","ON",2020-07-05,67
"icu","ON",2020-07-06,64
"icu","ON",2020-07-07,61
"icu","ON",2020-07-08,61
"icu","ON",2020-07-09,58
"icu","ON",2020-07-10,60
"icu","ON",2020-07-11,57
"icu","ON",2020-07-12,55
"icu","ON",2020-07-13,53
"icu","ON",2020-07-14,55
"icu","ON",2020-07-15,55
"icu","ON",2020-07-16,50
"icu","ON",2020-07-17,52
"icu","ON",2020-07-18,53
"icu","ON",2020-07-19,53
"icu","ON",2020-07-20,55
"icu","ON",2020-07-21,55
"icu","ON",2020-07-22,57
"icu","ON",2020-07-23,55
"icu","ON",2020-07-24,50
"icu","ON",2020-07-25,47
"icu","ON",2020-07-26,46
"icu","ON",2020-07-27,47
"icu","ON",2020-07-28,46
"icu","ON",2020-07-29,43
"icu","ON",2020-07-30,39
"icu","ON",2020-07-31,41
"icu","ON",2020-08-01,40
"icu","ON",2020-08-02,41
"icu","ON",2020-08-03,40
"icu","ON",2020-08-04,40
"icu","ON",2020-08-05,41
"icu","ON",2020-08-06,38
"icu","ON",2020-08-07,38
"icu","ON",2020-08-08,38
"icu","ON",2020-08-09,38
"icu","ON",2020-08-10,37
"icu","ON",2020-08-11,34
"icu","ON",2020-08-12,33
"icu","ON",2020-08-13,31
"icu","ON",2020-08-14,28
"icu","ON",2020-08-15,29
"icu","ON",2020-08-16,30
"icu","ON",2020-08-17,28
"icu","ON",2020-08-18,26
"icu","ON",2020-08-19,26
"icu","ON",2020-08-20,27
"icu","ON",2020-08-21,26
"icu","ON",2020-08-22,25
"icu","ON",2020-08-23,21
"icu","ON",2020-08-24,23
"icu","ON",2020-08-25,24
"icu","ON",2020-08-26,24
"icu","ON",2020-08-27,26
"icu","ON",2020-08-28,25
"icu","ON",2020-08-29,28
"icu","ON",2020-08-30,30
"icu","ON",2020-08-31,29
"icu","ON",2020-09-01,29
"icu","ON",2020-09-02,21
"icu","ON",2020-09-03,20
"icu","ON",2020-09-04,24
"icu","ON",2020-09-05,23
"icu","ON",2020-09-06,24
"icu","ON",2020-09-07,24
"icu","ON",2020-09-08,25
"icu","ON",2020-09-09,24
"icu","ON",2020-09-10,23
"icu","ON",2020-09-11,25
"icu","ON",2020-09-12,18
"icu","ON",2020-09-13,20
"icu","ON",2020-09-14,24
"icu","ON",2020-09-15,26
"icu","ON",2020-09-16,28
"icu","ON",2020-09-17,28
"icu","ON",2020-09-18,28
"icu","ON",2020-09-19,29
"icu","ON",2020-09-20,31
"icu","ON",2020-09-21,30
"icu","ON",2020-09-22,30
"icu","ON",2020-09-23,30
"icu","ON",2020-09-24,33
"icu","ON",2020-09-25,31
"icu","ON",2020-09-26,34
"icu","ON",2020-09-27,34
"icu","ON",2020-09-28,35
"icu","ON",2020-09-29,34
"icu","ON",2020-09-30,39
"icu","ON",2020-10-01,41
"icu","ON",2020-10-02,44
"icu","ON",2020-10-03,47
"icu","ON",2020-10-04,48
"icu","ON",2020-10-05,48
"icu","ON",2020-10-06,45
"icu","ON",2020-10-07,48
"icu","ON",2020-10-08,53
"icu","ON",2020-10-09,52
"icu","ON",2020-10-10,53
"icu","ON",2020-10-11,57
"icu","ON",2020-10-12,58
"icu","ON",2020-10-13,65
"icu","ON",2020-10-14,68
"icu","ON",2020-10-15,67
"icu","ON",2020-10-16,72
"icu","ON",2020-10-17,77
"icu","ON",2020-10-18,76
"icu","ON",2020-10-19,74
"icu","ON",2020-10-20,77
"icu","ON",2020-10-21,76
"icu","ON",2020-10-22,83
"icu","ON",2020-10-23,87
"icu","ON",2020-10-24,90
"icu","ON",2020-10-25,86
"icu","ON",2020-10-26,85
"icu","ON",2020-10-27,82
"icu","ON",2020-10-28,79
"icu","ON",2020-10-29,86
"icu","ON",2020-10-30,86
"icu","ON",2020-10-31,83
"icu","ON",2020-11-01,82
"icu","ON",2020-11-02,86
"icu","ON",2020-11-03,85
"icu","ON",2020-11-04,85
"icu","ON",2020-11-05,97
"icu","ON",2020-11-06,97
"icu","ON",2020-11-07,101
"icu","ON",2020-11-08,99
"icu","ON",2020-11-09,96
"icu","ON",2020-11-10,93
"icu","ON",2020-11-11,99
"icu","ON",2020-11-12,107
"icu","ON",2020-11-13,114
"icu","ON",2020-11-14,116
"icu","ON",2020-11-15,127
"icu","ON",2020-11-16,134
"icu","ON",2020-11-17,137
"icu","ON",2020-11-18,137
"icu","ON",2020-11-19,154
"icu","ON",2020-11-20,151
"icu","ON",2020-11-21,154
"icu","ON",2020-11-22,155
"icu","ON",2020-11-23,164
"icu","ON",2020-11-24,167
"icu","ON",2020-11-25,167
"icu","ON",2020-11-26,157
"icu","ON",2020-11-27,160
"icu","ON",2020-11-28,162
"icu","ON",2020-11-29,167
"icu","ON",2020-11-30,179
"icu","ON",2020-12-01,195
"icu","ON",2020-12-02,192
"icu","ON",2020-12-03,208
"icu","ON",2020-12-04,219
"icu","ON",2020-12-05,214
"icu","ON",2020-12-06,217
"icu","ON",2020-12-07,227
"icu","ON",2020-12-08,233
"icu","ON",2020-12-09,234
"icu","ON",2020-12-10,242
"icu","ON",2020-12-11,251
"icu","ON",2020-12-12,253
"icu","ON",2020-12-13,271
"icu","ON",2020-12-14,264
"icu","ON",2020-12-15,269
"icu","ON",2020-12-16,277
"icu","ON",2020-12-17,282
"icu","ON",2020-12-18,278
"icu","ON",2020-12-19,271
"icu","ON",2020-12-20,277
"icu","ON",2020-12-21,280
"icu","ON",2020-12-22,288
"icu","ON",2020-12-23,291
"icu","ON",2020-12-24,297
"icu","ON",2020-12-25,298
"icu","ON",2020-12-26,307
"icu","ON",2020-12-27,303
"icu","ON",2020-12-28,315
"icu","ON",2020-12-29,324
"icu","ON",2020-12-30,342
"icu","ON",2020-12-31,354
"icu","ON",2021-01-01,355
"icu","ON",2021-01-02,344
"icu","ON",2021-01-03,352
"icu","ON",2021-01-04,355
"icu","ON",2021-01-05,375
"icu","ON",2021-01-06,381
"icu","ON",2021-01-07,382
"icu","ON",2021-01-08,394
"icu","ON",2021-01-09,409
"icu","ON",2021-01-10,411
"icu","ON",2021-01-11,412
"icu","ON",2021-01-12,411
"icu","ON",2021-01-13,406
"icu","ON",2021-01-14,413
"icu","ON",2021-01-15,413
"icu","ON",2021-01-16,421
"icu","ON",2021-01-17,415
"icu","ON",2021-01-18,416
"icu","ON",2021-01-19,420
"icu","ON",2021-01-20,416
"icu","ON",2021-01-21,410
"icu","ON",2021-01-22,406
"icu","ON",2021-01-23,418
"icu","ON",2021-01-24,413
"icu","ON",2021-01-25,418
"icu","ON",2021-01-26,405
"icu","ON",2021-01-27,400
"icu","ON",2021-01-28,386
"icu","ON",2021-01-29,391
"icu","ON",2021-01-30,385
"icu","ON",2021-01-31,385
"icu","PE",2020-01-25,0
"icu","PE",2020-01-26,0
"icu","PE",2020-01-27,0
"icu","PE",2020-01-28,0
"icu","PE",2020-01-29,0
"icu","PE",2020-01-30,0
"icu","PE",2020-01-31,0
"icu","PE",2020-02-01,0
"icu","PE",2020-02-02,0
"icu","PE",2020-02-03,0
"icu","PE",2020-02-04,0
"icu","PE",2020-02-05,0
"icu","PE",2020-02-06,0
"icu","PE",2020-02-07,0
"icu","PE",2020-02-08,0
"icu","PE",2020-02-09,0
"icu","PE",2020-02-10,0
"icu","PE",2020-02-11,0
"icu","PE",2020-02-12,0
"icu","PE",2020-02-13,0
"icu","PE",2020-02-14,0
"icu","PE",2020-02-15,0
"icu","PE",2020-02-16,0
"icu","PE",2020-02-17,0
"icu","PE",2020-02-18,0
"icu","PE",2020-02-19,0
"icu","PE",2020-02-20,0
"icu","PE",2020-02-21,0
"icu","PE",2020-02-22,0
"icu","PE",2020-02-23,0
"icu","PE",2020-02-24,0
"icu","PE",2020-02-25,0
"icu","PE",2020-02-26,0
"icu","PE",2020-02-27,0
"icu","PE",2020-02-28,0
"icu","PE",2020-02-29,0
"icu","PE",2020-03-01,0
"icu","PE",2020-03-02,0
"icu","PE",2020-03-03,0
"icu","PE",2020-03-04,0
"icu","PE",2020-03-05,0
"icu","PE",2020-03-06,0
"icu","PE",2020-03-07,0
"icu","PE",2020-03-08,0
"icu","PE",2020-03-09,0
"icu","PE",2020-03-10,0
"icu","PE",2020-03-11,0
"icu","PE",2020-03-12,0
"icu","PE",2020-03-13,0
"icu","PE",2020-03-14,0
"icu","PE",2020-03-15,0
"icu","PE",2020-03-16,0
"icu","PE",2020-03-17,0
"icu","PE",2020-03-18,0
"icu","PE",2020-03-19,0
"icu","PE",2020-03-20,0
"icu","PE",2020-03-21,0
"icu","PE",2020-03-22,0
"icu","PE",2020-03-23,0
"icu","PE",2020-03-24,0
"icu","PE",2020-03-25,0
"icu","PE",2020-03-26,0
"icu","PE",2020-03-27,0
"icu","PE",2020-03-28,0
"icu","PE",2020-03-29,0
"icu","PE",2020-03-30,0
"icu","PE",2020-03-31,0
"icu","PE",2020-04-01,0
"icu","PE",2020-04-02,0
"icu","PE",2020-04-03,0
"icu","PE",2020-04-04,0
"icu","PE",2020-04-05,0
"icu","PE",2020-04-06,0
"icu","PE",2020-04-07,0
"icu","PE",2020-04-08,0
"icu","PE",2020-04-09,0
"icu","PE",2020-04-10,0
"icu","PE",2020-04-11,0
"icu","PE",2020-04-12,0
"icu","PE",2020-04-13,0
"icu","PE",2020-04-14,0
"icu","PE",2020-04-15,0
"icu","PE",2020-04-16,0
"icu","PE",2020-04-17,0
"icu","PE",2020-04-18,0
"icu","PE",2020-04-19,0
"icu","PE",2020-04-20,0
"icu","PE",2020-04-21,0
"icu","PE",2020-04-22,0
"icu","PE",2020-04-23,0
"icu","PE",2020-04-24,0
"icu","PE",2020-04-25,0
"icu","PE",2020-04-26,0
"icu","PE",2020-04-27,0
"icu","PE",2020-04-28,0
"icu","PE",2020-04-29,0
"icu","PE",2020-04-30,0
"icu","PE",2020-05-01,0
"icu","PE",2020-05-02,0
"icu","PE",2020-05-03,0
"icu","PE",2020-05-04,0
"icu","PE",2020-05-05,0
"icu","PE",2020-05-06,0
"icu","PE",2020-05-07,0
"icu","PE",2020-05-08,0
"icu","PE",2020-05-09,0
"icu","PE",2020-05-10,0
"icu","PE",2020-05-11,0
"icu","PE",2020-05-12,0
"icu","PE",2020-05-13,0
"icu","PE",2020-05-14,0
"icu","PE",2020-05-15,0
"icu","PE",2020-05-16,0
"icu","PE",2020-05-17,0
"icu","PE",2020-05-18,0
"icu","PE",2020-05-19,0
"icu","PE",2020-05-20,0
"icu","PE",2020-05-21,0
"icu","PE",2020-05-22,0
"icu","PE",2020-05-23,0
"icu","PE",2020-05-24,0
"icu","PE",2020-05-25,0
"icu","PE",2020-05-26,0
"icu","PE",2020-05-27,0
"icu","PE",2020-05-28,0
"icu","PE",2020-05-29,0
"icu","PE",2020-05-30,0
"icu","PE",2020-05-31,0
"icu","PE",2020-06-01,0
"icu","PE",2020-06-02,0
"icu","PE",2020-06-03,0
"icu","PE",2020-06-04,0
"icu","PE",2020-06-05,0
"icu","PE",2020-06-06,0
"icu","PE",2020-06-07,0
"icu","PE",2020-06-08,0
"icu","PE",2020-06-09,0
"icu","PE",2020-06-10,0
"icu","PE",2020-06-11,0
"icu","PE",2020-06-12,0
"icu","PE",2020-06-13,0
"icu","PE",2020-06-14,0
"icu","PE",2020-06-15,0
"icu","PE",2020-06-16,0
"icu","PE",2020-06-17,0
"icu","PE",2020-06-18,0
"icu","PE",2020-06-19,0
"icu","PE",2020-06-20,0
"icu","PE",2020-06-21,0
"icu","PE",2020-06-22,0
"icu","PE",2020-06-23,0
"icu","PE",2020-06-24,0
"icu","PE",2020-06-25,0
"icu","PE",2020-06-26,0
"icu","PE",2020-06-27,0
"icu","PE",2020-06-28,0
"icu","PE",2020-06-29,0
"icu","PE",2020-06-30,0
"icu","PE",2020-07-01,0
"icu","PE",2020-07-02,0
"icu","PE",2020-07-03,0
"icu","PE",2020-07-04,0
"icu","PE",2020-07-05,0
"icu","PE",2020-07-06,0
"icu","PE",2020-07-07,0
"icu","PE",2020-07-08,0
"icu","PE",2020-07-09,0
"icu","PE",2020-07-10,0
"icu","PE",2020-07-11,0
"icu","PE",2020-07-12,0
"icu","PE",2020-07-13,0
"icu","PE",2020-07-14,0
"icu","PE",2020-07-15,0
"icu","PE",2020-07-16,0
"icu","PE",2020-07-17,0
"icu","PE",2020-07-18,0
"icu","PE",2020-07-19,0
"icu","PE",2020-07-20,0
"icu","PE",2020-07-21,0
"icu","PE",2020-07-22,0
"icu","PE",2020-07-23,0
"icu","PE",2020-07-24,0
"icu","PE",2020-07-25,0
"icu","PE",2020-07-26,0
"icu","PE",2020-07-27,0
"icu","PE",2020-07-28,0
"icu","PE",2020-07-29,0
"icu","PE",2020-07-30,0
"icu","PE",2020-07-31,0
"icu","PE",2020-08-01,0
"icu","PE",2020-08-02,0
"icu","PE",2020-08-03,0
"icu","PE",2020-08-04,0
"icu","PE",2020-08-05,0
"icu","PE",2020-08-06,0
"icu","PE",2020-08-07,0
"icu","PE",2020-08-08,0
"icu","PE",2020-08-09,0
"icu","PE",2020-08-10,0
"icu","PE",2020-08-11,0
"icu","PE",2020-08-12,0
"icu","PE",2020-08-13,0
"icu","PE",2020-08-14,0
"icu","PE",2020-08-15,0
"icu","PE",2020-08-16,0
"icu","PE",2020-08-17,0
"icu","PE",2020-08-18,0
"icu","PE",2020-08-19,0
"icu","PE",2020-08-20,0
"icu","PE",2020-08-21,0
"icu","PE",2020-08-22,0
"icu","PE",2020-08-23,0
"icu","PE",2020-08-24,0
"icu","PE",2020-08-25,0
"icu","PE",2020-08-26,0
"icu","PE",2020-08-27,0
"icu","PE",2020-08-28,0
"icu","PE",2020-08-29,0
"icu","PE",2020-08-30,0
"icu","PE",2020-08-31,0
"icu","PE",2020-09-01,0
"icu","PE",2020-09-02,0
"icu","PE",2020-09-03,0
"icu","PE",2020-09-04,0
"icu","PE",2020-09-05,0
"icu","PE",2020-09-06,0
"icu","PE",2020-09-07,0
"icu","PE",2020-09-08,0
"icu","PE",2020-09-09,0
"icu","PE",2020-09-10,0
"icu","PE",2020-09-11,0
"icu","PE",2020-09-12,0
"icu","PE",2020-09-13,0
"icu","PE",2020-09-14,0
"icu","PE",2020-09-15,0
"icu","PE",2020-09-16,0
"icu","PE",2020-09-17,0
"icu","PE",2020-09-18,0
"icu","PE",2020-09-19,0
"icu","PE",2020-09-20,0
"icu","PE",2020-09-21,0
"icu","PE",2020-09-22,0
"icu","PE",2020-09-23,0
"icu","PE",2020-09-24,0
"icu","PE",2020-09-25,0
"icu","PE",2020-09-26,0
"icu","PE",2020-09-27,0
"icu","PE",2020-09-28,0
"icu","PE",2020-09-29,0
"icu","PE",2020-09-30,0
"icu","PE",2020-10-01,0
"icu","PE",2020-10-02,0
"icu","PE",2020-10-03,0
"icu","PE",2020-10-04,0
"icu","PE",2020-10-05,0
"icu","PE",2020-10-06,0
"icu","PE",2020-10-07,0
"icu","PE",2020-10-08,0
"icu","PE",2020-10-09,0
"icu","PE",2020-10-10,0
"icu","PE",2020-10-11,0
"icu","PE",2020-10-12,0
"icu","PE",2020-10-13,0
"icu","PE",2020-10-14,0
"icu","PE",2020-10-15,0
"icu","PE",2020-10-16,0
"icu","PE",2020-10-17,0
"icu","PE",2020-10-18,0
"icu","PE",2020-10-19,0
"icu","PE",2020-10-20,0
"icu","PE",2020-10-21,0
"icu","PE",2020-10-22,0
"icu","PE",2020-10-23,0
"icu","PE",2020-10-24,0
"icu","PE",2020-10-25,0
"icu","PE",2020-10-26,0
"icu","PE",2020-10-27,0
"icu","PE",2020-10-28,0
"icu","PE",2020-10-29,0
"icu","PE",2020-10-30,0
"icu","PE",2020-10-31,0
"icu","PE",2020-11-01,0
"icu","PE",2020-11-02,0
"icu","PE",2020-11-03,0
"icu","PE",2020-11-04,0
"icu","PE",2020-11-05,0
"icu","PE",2020-11-06,0
"icu","PE",2020-11-07,0
"icu","PE",2020-11-08,0
"icu","PE",2020-11-09,0
"icu","PE",2020-11-10,0
"icu","PE",2020-11-11,0
"icu","PE",2020-11-12,0
"icu","PE",2020-11-13,0
"icu","PE",2020-11-14,0
"icu","PE",2020-11-15,0
"icu","PE",2020-11-16,0
"icu","PE",2020-11-17,0
"icu","PE",2020-11-18,0
"icu","PE",2020-11-19,0
"icu","PE",2020-11-20,0
"icu","PE",2020-11-21,0
"icu","PE",2020-11-22,0
"icu","PE",2020-11-23,0
"icu","PE",2020-11-24,0
"icu","PE",2020-11-25,0
"icu","PE",2020-11-26,0
"icu","PE",2020-11-27,0
"icu","PE",2020-11-28,0
"icu","PE",2020-11-29,0
"icu","PE",2020-11-30,0
"icu","PE",2020-12-01,0
"icu","PE",2020-12-02,0
"icu","PE",2020-12-03,0
"icu","PE",2020-12-04,0
"icu","PE",2020-12-05,0
"icu","PE",2020-12-06,0
"icu","PE",2020-12-07,0
"icu","PE",2020-12-08,0
"icu","PE",2020-12-09,0
"icu","PE",2020-12-10,0
"icu","PE",2020-12-11,0
"icu","PE",2020-12-12,0
"icu","PE",2020-12-13,0
"icu","PE",2020-12-14,0
"icu","PE",2020-12-15,0
"icu","PE",2020-12-16,0
"icu","PE",2020-12-17,0
"icu","PE",2020-12-18,0
"icu","PE",2020-12-19,0
"icu","PE",2020-12-20,0
"icu","PE",2020-12-21,0
"icu","PE",2020-12-22,0
"icu","PE",2020-12-23,0
"icu","PE",2020-12-24,0
"icu","PE",2020-12-25,0
"icu","PE",2020-12-26,0
"icu","PE",2020-12-27,0
"icu","PE",2020-12-28,0
"icu","PE",2020-12-29,0
"icu","PE",2020-12-30,0
"icu","PE",2020-12-31,0
"icu","PE",2021-01-01,0
"icu","PE",2021-01-02,0
"icu","PE",2021-01-03,0
"icu","PE",2021-01-04,0
"icu","PE",2021-01-05,0
"icu","PE",2021-01-06,0
"icu","PE",2021-01-07,0
"icu","PE",2021-01-08,0
"icu","PE",2021-01-09,0
"icu","PE",2021-01-10,0
"icu","PE",2021-01-11,0
"icu","PE",2021-01-12,0
"icu","PE",2021-01-13,0
"icu","PE",2021-01-14,0
"icu","PE",2021-01-15,0
"icu","PE",2021-01-16,0
"icu","PE",2021-01-17,0
"icu","PE",2021-01-18,0
"icu","PE",2021-01-19,0
"icu","PE",2021-01-20,0
"icu","PE",2021-01-21,0
"icu","PE",2021-01-22,0
"icu","PE",2021-01-23,0
"icu","PE",2021-01-24,0
"icu","PE",2021-01-25,0
"icu","PE",2021-01-26,0
"icu","PE",2021-01-27,0
"icu","PE",2021-01-28,0
"icu","PE",2021-01-29,0
"icu","PE",2021-01-30,0
"icu","PE",2021-01-31,0
"icu","QC",2020-01-25,0
"icu","QC",2020-01-26,0
"icu","QC",2020-01-27,0
"icu","QC",2020-01-28,0
"icu","QC",2020-01-29,0
"icu","QC",2020-01-30,0
"icu","QC",2020-01-31,0
"icu","QC",2020-02-01,0
"icu","QC",2020-02-02,0
"icu","QC",2020-02-03,0
"icu","QC",2020-02-04,0
"icu","QC",2020-02-05,0
"icu","QC",2020-02-06,0
"icu","QC",2020-02-07,0
"icu","QC",2020-02-08,0
"icu","QC",2020-02-09,0
"icu","QC",2020-02-10,0
"icu","QC",2020-02-11,0
"icu","QC",2020-02-12,0
"icu","QC",2020-02-13,0
"icu","QC",2020-02-14,0
"icu","QC",2020-02-15,0
"icu","QC",2020-02-16,0
"icu","QC",2020-02-17,0
"icu","QC",2020-02-18,0
"icu","QC",2020-02-19,0
"icu","QC",2020-02-20,0
"icu","QC",2020-02-21,0
"icu","QC",2020-02-22,0
"icu","QC",2020-02-23,0
"icu","QC",2020-02-24,0
"icu","QC",2020-02-25,0
"icu","QC",2020-02-26,0
"icu","QC",2020-02-27,0
"icu","QC",2020-02-28,0
"icu","QC",2020-02-29,0
"icu","QC",2020-03-01,0
"icu","QC",2020-03-02,0
"icu","QC",2020-03-03,0
"icu","QC",2020-03-04,0
"icu","QC",2020-03-05,0
"icu","QC",2020-03-06,0
"icu","QC",2020-03-07,0
"icu","QC",2020-03-08,0
"icu","QC",2020-03-09,0
"icu","QC",2020-03-10,0
"icu","QC",2020-03-11,0
"icu","QC",2020-03-12,0
"icu","QC",2020-03-13,0
"icu","QC",2020-03-14,0
"icu","QC",2020-03-15,0
"icu","QC",2020-03-16,0
"icu","QC",2020-03-17,0
"icu","QC",2020-03-18,4
"icu","QC",2020-03-19,4
"icu","QC",2020-03-20,6
"icu","QC",2020-03-21,10
"icu","QC",2020-03-22,13
"icu","QC",2020-03-23,20
"icu","QC",2020-03-24,31
"icu","QC",2020-03-25,35
"icu","QC",2020-03-26,43
"icu","QC",2020-03-27,50
"icu","QC",2020-03-28,57
"icu","QC",2020-03-29,72
"icu","QC",2020-03-30,78
"icu","QC",2020-03-31,82
"icu","QC",2020-04-01,82
"icu","QC",2020-04-02,96
"icu","QC",2020-04-03,107
"icu","QC",2020-04-04,130
"icu","QC",2020-04-05,154
"icu","QC",2020-04-06,164
"icu","QC",2020-04-07,174
"icu","QC",2020-04-08,181
"icu","QC",2020-04-09,196
"icu","QC",2020-04-10,146
"icu","QC",2020-04-11,156
"icu","QC",2020-04-12,166
"icu","QC",2020-04-13,161
"icu","QC",2020-04-14,190
"icu","QC",2020-04-15,187
"icu","QC",2020-04-16,196
"icu","QC",2020-04-17,193
"icu","QC",2020-04-18,183
"icu","QC",2020-04-19,198
"icu","QC",2020-04-20,201
"icu","QC",2020-04-21,199
"icu","QC",2020-04-22,207
"icu","QC",2020-04-23,227
"icu","QC",2020-04-24,208
"icu","QC",2020-04-25,204
"icu","QC",2020-04-26,210
"icu","QC",2020-04-27,217
"icu","QC",2020-04-28,222
"icu","QC",2020-04-29,213
"icu","QC",2020-04-30,218
"icu","QC",2020-05-01,222
"icu","QC",2020-05-02,216
"icu","QC",2020-05-03,217
"icu","QC",2020-05-04,218
"icu","QC",2020-05-05,213
"icu","QC",2020-05-06,222
"icu","QC",2020-05-07,206
"icu","QC",2020-05-08,203
"icu","QC",2020-05-09,198
"icu","QC",2020-05-10,192
"icu","QC",2020-05-11,184
"icu","QC",2020-05-12,194
"icu","QC",2020-05-13,190
"icu","QC",2020-05-14,191
"icu","QC",2020-05-15,185
"icu","QC",2020-05-16,182
"icu","QC",2020-05-17,176
"icu","QC",2020-05-18,178
"icu","QC",2020-05-19,183
"icu","QC",2020-05-20,175
"icu","QC",2020-05-21,171
"icu","QC",2020-05-22,167
"icu","QC",2020-05-23,170
"icu","QC",2020-05-24,179
"icu","QC",2020-05-25,181
"icu","QC",2020-05-26,182
"icu","QC",2020-05-27,177
"icu","QC",2020-05-28,171
"icu","QC",2020-05-29,165
"icu","QC",2020-05-30,170
"icu","QC",2020-05-31,161
"icu","QC",2020-06-01,158
"icu","QC",2020-06-02,155
"icu","QC",2020-06-03,144
"icu","QC",2020-06-04,129
"icu","QC",2020-06-05,127
"icu","QC",2020-06-06,126
"icu","QC",2020-06-07,119
"icu","QC",2020-06-08,117
"icu","QC",2020-06-09,117
"icu","QC",2020-06-10,114
"icu","QC",2020-06-11,107
"icu","QC",2020-06-12,102
"icu","QC",2020-06-13,85
"icu","QC",2020-06-14,82
"icu","QC",2020-06-15,77
"icu","QC",2020-06-16,72
"icu","QC",2020-06-17,65
"icu","QC",2020-06-18,62
"icu","QC",2020-06-19,62
"icu","QC",2020-06-20,61
"icu","QC",2020-06-21,57
"icu","QC",2020-06-22,56
"icu","QC",2020-06-23,52
"icu","QC",2020-06-24,50
"icu","QC",2020-06-25,48
"icu","QC",2020-06-26,45
"icu","QC",2020-06-27,43
"icu","QC",2020-06-28,45
"icu","QC",2020-06-29,38
"icu","QC",2020-06-30,33
"icu","QC",2020-07-01,32
"icu","QC",2020-07-02,31
"icu","QC",2020-07-03,27
"icu","QC",2020-07-04,26
"icu","QC",2020-07-05,25
"icu","QC",2020-07-06,26
"icu","QC",2020-07-07,27
"icu","QC",2020-07-08,27
"icu","QC",2020-07-09,24
"icu","QC",2020-07-10,22
"icu","QC",2020-07-11,20
"icu","QC",2020-07-12,21
"icu","QC",2020-07-13,21
"icu","QC",2020-07-14,20
"icu","QC",2020-07-15,20
"icu","QC",2020-07-16,16
"icu","QC",2020-07-17,15
"icu","QC",2020-07-18,18
"icu","QC",2020-07-19,17
"icu","QC",2020-07-20,15
"icu","QC",2020-07-21,16
"icu","QC",2020-07-22,14
"icu","QC",2020-07-23,12
"icu","QC",2020-07-24,12
"icu","QC",2020-07-25,10
"icu","QC",2020-07-26,7
"icu","QC",2020-07-27,8
"icu","QC",2020-07-28,9
"icu","QC",2020-07-29,18
"icu","QC",2020-07-30,15
"icu","QC",2020-07-31,18
"icu","QC",2020-08-01,17
"icu","QC",2020-08-02,18
"icu","QC",2020-08-03,21
"icu","QC",2020-08-04,19
"icu","QC",2020-08-05,19
"icu","QC",2020-08-06,19
"icu","QC",2020-08-07,23
"icu","QC",2020-08-08,22
"icu","QC",2020-08-09,21
"icu","QC",2020-08-10,21
"icu","QC",2020-08-11,20
"icu","QC",2020-08-12,23
"icu","QC",2020-08-13,25
"icu","QC",2020-08-14,25
"icu","QC",2020-08-15,25
"icu","QC",2020-08-16,25
"icu","QC",2020-08-17,27
"icu","QC",2020-08-18,26
"icu","QC",2020-08-19,25
"icu","QC",2020-08-20,23
"icu","QC",2020-08-21,16
"icu","QC",2020-08-22,14
"icu","QC",2020-08-23,12
"icu","QC",2020-08-24,12
"icu","QC",2020-08-25,12
"icu","QC",2020-08-26,15
"icu","QC",2020-08-27,17
"icu","QC",2020-08-28,17
"icu","QC",2020-08-29,16
"icu","QC",2020-08-30,18
"icu","QC",2020-08-31,20
"icu","QC",2020-09-01,20
"icu","QC",2020-09-02,20
"icu","QC",2020-09-03,18
"icu","QC",2020-09-04,17
"icu","QC",2020-09-05,18
"icu","QC",2020-09-06,18
"icu","QC",2020-09-07,15
"icu","QC",2020-09-08,14
"icu","QC",2020-09-09,12
"icu","QC",2020-09-10,12
"icu","QC",2020-09-11,16
"icu","QC",2020-09-12,19
"icu","QC",2020-09-13,19
"icu","QC",2020-09-14,23
"icu","QC",2020-09-15,26
"icu","QC",2020-09-16,29
"icu","QC",2020-09-17,30
"icu","QC",2020-09-18,31
"icu","QC",2020-09-19,31
"icu","QC",2020-09-20,30
"icu","QC",2020-09-21,28
"icu","QC",2020-09-22,30
"icu","QC",2020-09-23,31
"icu","QC",2020-09-24,33
"icu","QC",2020-09-25,45
"icu","QC",2020-09-26,41
"icu","QC",2020-09-27,37
"icu","QC",2020-09-28,41
"icu","QC",2020-09-29,43
"icu","QC",2020-09-30,46
"icu","QC",2020-10-01,49
"icu","QC",2020-10-02,60
"icu","QC",2020-10-03,64
"icu","QC",2020-10-04,62
"icu","QC",2020-10-05,67
"icu","QC",2020-10-06,62
"icu","QC",2020-10-07,68
"icu","QC",2020-10-08,67
"icu","QC",2020-10-09,73
"icu","QC",2020-10-10,72
"icu","QC",2020-10-11,75
"icu","QC",2020-10-12,85
"icu","QC",2020-10-13,80
"icu","QC",2020-10-14,83
"icu","QC",2020-10-15,87
"icu","QC",2020-10-16,85
"icu","QC",2020-10-17,88
"icu","QC",2020-10-18,92
"icu","QC",2020-10-19,100
"icu","QC",2020-10-20,94
"icu","QC",2020-10-21,101
"icu","QC",2020-10-22,99
"icu","QC",2020-10-23,93
"icu","QC",2020-10-24,97
"icu","QC",2020-10-25,93
"icu","QC",2020-10-26,91
"icu","QC",2020-10-27,89
"icu","QC",2020-10-28,78
"icu","QC",2020-10-29,81
"icu","QC",2020-10-30,82
"icu","QC",2020-10-31,84
"icu","QC",2020-11-01,81
"icu","QC",2020-11-02,85
"icu","QC",2020-11-03,81
"icu","QC",2020-11-04,82
"icu","QC",2020-11-05,77
"icu","QC",2020-11-06,79
"icu","QC",2020-11-07,77
"icu","QC",2020-11-08,76
"icu","QC",2020-11-09,82
"icu","QC",2020-11-10,84
"icu","QC",2020-11-11,86
"icu","QC",2020-11-12,85
"icu","QC",2020-11-13,82
"icu","QC",2020-11-14,89
"icu","QC",2020-11-15,87
"icu","QC",2020-11-16,100
"icu","QC",2020-11-17,100
"icu","QC",2020-11-18,102
"icu","QC",2020-11-19,96
"icu","QC",2020-11-20,99
"icu","QC",2020-11-21,103
"icu","QC",2020-11-22,98
"icu","QC",2020-11-23,96
"icu","QC",2020-11-24,93
"icu","QC",2020-11-25,90
"icu","QC",2020-11-26,90
"icu","QC",2020-11-27,93
"icu","QC",2020-11-28,92
"icu","QC",2020-11-29,94
"icu","QC",2020-11-30,98
"icu","QC",2020-12-01,99
"icu","QC",2020-12-02,99
"icu","QC",2020-12-03,97
"icu","QC",2020-12-04,96
"icu","QC",2020-12-05,102
"icu","QC",2020-12-06,105
"icu","QC",2020-12-07,114
"icu","QC",2020-12-08,121
"icu","QC",2020-12-09,113
"icu","QC",2020-12-10,123
"icu","QC",2020-12-11,129
"icu","QC",2020-12-12,123
"icu","QC",2020-12-13,122
"icu","QC",2020-12-14,125
"icu","QC",2020-12-15,128
"icu","QC",2020-12-16,134
"icu","QC",2020-12-17,142
"icu","QC",2020-12-18,142
"icu","QC",2020-12-19,147
"icu","QC",2020-12-20,147
"icu","QC",2020-12-21,138
"icu","QC",2020-12-22,143
"icu","QC",2020-12-23,147
"icu","QC",2020-12-24,139
"icu","QC",2020-12-25,134
"icu","QC",2020-12-26,149
"icu","QC",2020-12-27,150
"icu","QC",2020-12-28,148
"icu","QC",2020-12-29,152
"icu","QC",2020-12-30,165
"icu","QC",2020-12-31,167
"icu","QC",2021-01-01,166
"icu","QC",2021-01-02,179
"icu","QC",2021-01-03,188
"icu","QC",2021-01-04,194
"icu","QC",2021-01-05,202
"icu","QC",2021-01-06,202
"icu","QC",2021-01-07,207
"icu","QC",2021-01-08,206
"icu","QC",2021-01-09,203
"icu","QC",2021-01-10,212
"icu","QC",2021-01-11,222
"icu","QC",2021-01-12,229
"icu","QC",2021-01-13,230
"icu","QC",2021-01-14,231
"icu","QC",2021-01-15,227
"icu","QC",2021-01-16,215
"icu","QC",2021-01-17,217
"icu","QC",2021-01-18,212
"icu","QC",2021-01-19,216
"icu","QC",2021-01-20,216
"icu","QC",2021-01-21,212
"icu","QC",2021-01-22,216
"icu","QC",2021-01-23,219
"icu","QC",2021-01-24,217
"icu","QC",2021-01-25,217
"icu","QC",2021-01-26,221
"icu","QC",2021-01-27,212
"icu","QC",2021-01-28,209
"icu","QC",2021-01-29,201
"icu","QC",2021-01-30,191
"icu","QC",2021-01-31,183
"icu","SK",2020-01-25,0
"icu","SK",2020-01-26,0
"icu","SK",2020-01-27,0
"icu","SK",2020-01-28,0
"icu","SK",2020-01-29,0
"icu","SK",2020-01-30,0
"icu","SK",2020-01-31,0
"icu","SK",2020-02-01,0
"icu","SK",2020-02-02,0
"icu","SK",2020-02-03,0
"icu","SK",2020-02-04,0
"icu","SK",2020-02-05,0
"icu","SK",2020-02-06,0
"icu","SK",2020-02-07,0
"icu","SK",2020-02-08,0
"icu","SK",2020-02-09,0
"icu","SK",2020-02-10,0
"icu","SK",2020-02-11,0
"icu","SK",2020-02-12,0
"icu","SK",2020-02-13,0
"icu","SK",2020-02-14,0
"icu","SK",2020-02-15,0
"icu","SK",2020-02-16,0
"icu","SK",2020-02-17,0
"icu","SK",2020-02-18,0
"icu","SK",2020-02-19,0
"icu","SK",2020-02-20,0
"icu","SK",2020-02-21,0
"icu","SK",2020-02-22,0
"icu","SK",2020-02-23,0
"icu","SK",2020-02-24,0
"icu","SK",2020-02-25,0
"icu","SK",2020-02-26,0
"icu","SK",2020-02-27,0
"icu","SK",2020-02-28,0
"icu","SK",2020-02-29,0
"icu","SK",2020-03-01,0
"icu","SK",2020-03-02,0
"icu","SK",2020-03-03,0
"icu","SK",2020-03-04,0
"icu","SK",2020-03-05,0
"icu","SK",2020-03-06,0
"icu","SK",2020-03-07,0
"icu","SK",2020-03-08,0
"icu","SK",2020-03-09,0
"icu","SK",2020-03-10,0
"icu","SK",2020-03-11,0
"icu","SK",2020-03-12,0
"icu","SK",2020-03-13,0
"icu","SK",2020-03-14,0
"icu","SK",2020-03-15,0
"icu","SK",2020-03-16,0
"icu","SK",2020-03-17,0
"icu","SK",2020-03-18,0
"icu","SK",2020-03-19,0
"icu","SK",2020-03-20,0
"icu","SK",2020-03-21,0
"icu","SK",2020-03-22,0
"icu","SK",2020-03-23,0
"icu","SK",2020-03-24,0
"icu","SK",2020-03-25,0
"icu","SK",2020-03-26,2
"icu","SK",2020-03-27,2
"icu","SK",2020-03-28,3
"icu","SK",2020-03-29,2
"icu","SK",2020-03-30,1
"icu","SK",2020-03-31,1
"icu","SK",2020-04-01,1
"icu","SK",2020-04-02,2
"icu","SK",2020-04-03,1
"icu","SK",2020-04-04,1
"icu","SK",2020-04-05,2
"icu","SK",2020-04-06,2
"icu","SK",2020-04-07,2
"icu","SK",2020-04-08,2
"icu","SK",2020-04-09,2
"icu","SK",2020-04-10,2
"icu","SK",2020-04-11,1
"icu","SK",2020-04-12,0
"icu","SK",2020-04-13,0
"icu","SK",2020-04-14,0
"icu","SK",2020-04-15,0
"icu","SK",2020-04-16,0
"icu","SK",2020-04-17,1
"icu","SK",2020-04-18,1
"icu","SK",2020-04-19,1
"icu","SK",2020-04-20,1
"icu","SK",2020-04-21,1
"icu","SK",2020-04-22,1
"icu","SK",2020-04-23,1
"icu","SK",2020-04-24,2
"icu","SK",2020-04-25,2
"icu","SK",2020-04-26,2
"icu","SK",2020-04-27,2
"icu","SK",2020-04-28,2
"icu","SK",2020-04-29,3
"icu","SK",2020-04-30,3
"icu","SK",2020-05-01,3
"icu","SK",2020-05-02,2
"icu","SK",2020-05-03,3
"icu","SK",2020-05-04,4
"icu","SK",2020-05-05,4
"icu","SK",2020-05-06,4
"icu","SK",2020-05-07,4
"icu","SK",2020-05-08,4
"icu","SK",2020-05-09,5
"icu","SK",2020-05-10,4
"icu","SK",2020-05-11,3
"icu","SK",2020-05-12,3
"icu","SK",2020-05-13,3
"icu","SK",2020-05-14,3
"icu","SK",2020-05-15,3
"icu","SK",2020-05-16,3
"icu","SK",2020-05-17,3
"icu","SK",2020-05-18,3
"icu","SK",2020-05-19,3
"icu","SK",2020-05-20,3
"icu","SK",2020-05-21,3
"icu","SK",2020-05-22,3
"icu","SK",2020-05-23,3
"icu","SK",2020-05-24,3
"icu","SK",2020-05-25,4
"icu","SK",2020-05-26,3
"icu","SK",2020-05-27,3
"icu","SK",2020-05-28,3
"icu","SK",2020-05-29,2
"icu","SK",2020-05-30,1
"icu","SK",2020-05-31,1
"icu","SK",2020-06-01,2
"icu","SK",2020-06-02,2
"icu","SK",2020-06-03,2
"icu","SK",2020-06-04,2
"icu","SK",2020-06-05,1
"icu","SK",2020-06-06,1
"icu","SK",2020-06-07,1
"icu","SK",2020-06-08,1
"icu","SK",2020-06-09,1
"icu","SK",2020-06-10,1
"icu","SK",2020-06-11,1
"icu","SK",2020-06-12,1
"icu","SK",2020-06-13,1
"icu","SK",2020-06-14,1
"icu","SK",2020-06-15,1
"icu","SK",2020-06-16,1
"icu","SK",2020-06-17,1
"icu","SK",2020-06-18,1
"icu","SK",2020-06-19,1
"icu","SK",2020-06-20,3
"icu","SK",2020-06-21,3
"icu","SK",2020-06-22,0
"icu","SK",2020-06-23,1
"icu","SK",2020-06-24,1
"icu","SK",2020-06-25,2
"icu","SK",2020-06-26,1
"icu","SK",2020-06-27,1
"icu","SK",2020-06-28,0
"icu","SK",2020-06-29,0
"icu","SK",2020-06-30,1
"icu","SK",2020-07-01,2
"icu","SK",2020-07-02,3
"icu","SK",2020-07-03,3
"icu","SK",2020-07-04,2
"icu","SK",2020-07-05,2
"icu","SK",2020-07-06,1
"icu","SK",2020-07-07,0
"icu","SK",2020-07-08,0
"icu","SK",2020-07-09,1
"icu","SK",2020-07-10,1
"icu","SK",2020-07-11,1
"icu","SK",2020-07-12,2
"icu","SK",2020-07-13,2
"icu","SK",2020-07-14,2
"icu","SK",2020-07-15,2
"icu","SK",2020-07-16,2
"icu","SK",2020-07-17,1
"icu","SK",2020-07-18,2
"icu","SK",2020-07-19,3
"icu","SK",2020-07-20,3
"icu","SK",2020-07-21,3
"icu","SK",2020-07-22,3
"icu","SK",2020-07-23,4
"icu","SK",2020-07-24,4
"icu","SK",2020-07-25,4
"icu","SK",2020-07-26,4
"icu","SK",2020-07-27,4
"icu","SK",2020-07-28,5
"icu","SK",2020-07-29,5
"icu","SK",2020-07-30,5
"icu","SK",2020-07-31,6
"icu","SK",2020-08-01,6
"icu","SK",2020-08-02,7
"icu","SK",2020-08-03,6
"icu","SK",2020-08-04,7
"icu","SK",2020-08-05,8
"icu","SK",2020-08-06,6
"icu","SK",2020-08-07,4
"icu","SK",2020-08-08,5
"icu","SK",2020-08-09,6
"icu","SK",2020-08-10,5
"icu","SK",2020-08-11,5
"icu","SK",2020-08-12,5
"icu","SK",2020-08-13,5
"icu","SK",2020-08-14,5
"icu","SK",2020-08-15,5
"icu","SK",2020-08-16,4
"icu","SK",2020-08-17,4
"icu","SK",2020-08-18,4
"icu","SK",2020-08-19,4
"icu","SK",2020-08-20,4
"icu","SK",2020-08-21,4
"icu","SK",2020-08-22,4
"icu","SK",2020-08-23,4
"icu","SK",2020-08-24,4
"icu","SK",2020-08-25,3
"icu","SK",2020-08-26,2
"icu","SK",2020-08-27,2
"icu","SK",2020-08-28,2
"icu","SK",2020-08-29,2
"icu","SK",2020-08-30,2
"icu","SK",2020-08-31,1
"icu","SK",2020-09-01,2
"icu","SK",2020-09-02,1
"icu","SK",2020-09-03,1
"icu","SK",2020-09-04,1
"icu","SK",2020-09-05,1
"icu","SK",2020-09-06,1
"icu","SK",2020-09-07,1
"icu","SK",2020-09-08,1
"icu","SK",2020-09-09,1
"icu","SK",2020-09-10,0
"icu","SK",2020-09-11,0
"icu","SK",2020-09-12,0
"icu","SK",2020-09-13,0
"icu","SK",2020-09-14,0
"icu","SK",2020-09-15,0
"icu","SK",2020-09-16,0
"icu","SK",2020-09-17,0
"icu","SK",2020-09-18,0
"icu","SK",2020-09-19,1
"icu","SK",2020-09-20,1
"icu","SK",2020-09-21,1
"icu","SK",2020-09-22,1
"icu","SK",2020-09-23,1
"icu","SK",2020-09-24,0
"icu","SK",2020-09-25,0
"icu","SK",2020-09-26,0
"icu","SK",2020-09-27,0
"icu","SK",2020-09-28,0
"icu","SK",2020-09-29,0
"icu","SK",2020-09-30,1
"icu","SK",2020-10-01,0
"icu","SK",2020-10-02,0
"icu","SK",2020-10-03,1
"icu","SK",2020-10-04,1
"icu","SK",2020-10-05,1
"icu","SK",2020-10-06,1
"icu","SK",2020-10-07,1
"icu","SK",2020-10-08,1
"icu","SK",2020-10-09,2
"icu","SK",2020-10-10,2
"icu","SK",2020-10-11,2
"icu","SK",2020-10-12,1
"icu","SK",2020-10-13,2
"icu","SK",2020-10-14,1
"icu","SK",2020-10-15,2
"icu","SK",2020-10-16,2
"icu","SK",2020-10-17,2
"icu","SK",2020-10-18,2
"icu","SK",2020-10-19,2
"icu","SK",2020-10-20,2
"icu","SK",2020-10-21,2
"icu","SK",2020-10-22,3
"icu","SK",2020-10-23,4
"icu","SK",2020-10-24,4
"icu","SK",2020-10-25,4
"icu","SK",2020-10-26,5
"icu","SK",2020-10-27,6
"icu","SK",2020-10-28,6
"icu","SK",2020-10-29,6
"icu","SK",2020-10-30,6
"icu","SK",2020-10-31,6
"icu","SK",2020-11-01,7
"icu","SK",2020-11-02,7
"icu","SK",2020-11-03,7
"icu","SK",2020-11-04,4
"icu","SK",2020-11-05,5
"icu","SK",2020-11-06,4
"icu","SK",2020-11-07,8
"icu","SK",2020-11-08,7
"icu","SK",2020-11-09,8
"icu","SK",2020-11-10,11
"icu","SK",2020-11-11,11
"icu","SK",2020-11-12,13
"icu","SK",2020-11-13,15
"icu","SK",2020-11-14,16
"icu","SK",2020-11-15,16
"icu","SK",2020-11-16,16
"icu","SK",2020-11-17,15
"icu","SK",2020-11-18,17
"icu","SK",2020-11-19,21
"icu","SK",2020-11-20,19
"icu","SK",2020-11-21,21
"icu","SK",2020-11-22,19
"icu","SK",2020-11-23,19
"icu","SK",2020-11-24,20
"icu","SK",2020-11-25,19
"icu","SK",2020-11-26,18
"icu","SK",2020-11-27,16
"icu","SK",2020-11-28,18
"icu","SK",2020-11-29,23
"icu","SK",2020-11-30,23
"icu","SK",2020-12-01,24
"icu","SK",2020-12-02,26
"icu","SK",2020-12-03,24
"icu","SK",2020-12-04,25
"icu","SK",2020-12-05,25
"icu","SK",2020-12-06,26
"icu","SK",2020-12-07,26
"icu","SK",2020-12-08,27
"icu","SK",2020-12-09,27
"icu","SK",2020-12-10,31
"icu","SK",2020-12-11,27
"icu","SK",2020-12-12,23
"icu","SK",2020-12-13,23
"icu","SK",2020-12-14,27
"icu","SK",2020-12-15,26
"icu","SK",2020-12-16,30
"icu","SK",2020-12-17,22
"icu","SK",2020-12-18,17
"icu","SK",2020-12-19,20
"icu","SK",2020-12-20,19
"icu","SK",2020-12-21,20
"icu","SK",2020-12-22,21
"icu","SK",2020-12-23,21
"icu","SK",2020-12-24,30
"icu","SK",2020-12-25,29
"icu","SK",2020-12-26,30
"icu","SK",2020-12-27,26
"icu","SK",2020-12-28,26
"icu","SK",2020-12-29,32
"icu","SK",2020-12-30,32
"icu","SK",2020-12-31,30
"icu","SK",2021-01-01,30
"icu","SK",2021-01-02,33
"icu","SK",2021-01-03,38
"icu","SK",2021-01-04,35
"icu","SK",2021-01-05,31
"icu","SK",2021-01-06,29
"icu","SK",2021-01-07,29
"icu","SK",2021-01-08,26
"icu","SK",2021-01-09,30
"icu","SK",2021-01-10,31
"icu","SK",2021-01-11,31
"icu","SK",2021-01-12,29
"icu","SK",2021-01-13,36
"icu","SK",2021-01-14,33
"icu","SK",2021-01-15,35
"icu","SK",2021-01-16,35
"icu","SK",2021-01-17,33
"icu","SK",2021-01-18,30
"icu","SK",2021-01-19,31
"icu","SK",2021-01-20,31
"icu","SK",2021-01-21,31
"icu","SK",2021-01-22,30
"icu","SK",2021-01-23,35
"icu","SK",2021-01-24,32
"icu","SK",2021-01-25,32
"icu","SK",2021-01-26,33
"icu","SK",2021-01-27,36
"icu","SK",2021-01-28,37
"icu","SK",2021-01-29,33
"icu","SK",2021-01-30,28
"icu","SK",2021-01-31,31
